dataset,reference,distorted,codec,version,human_score,v02_distance,v04_distance,fast_ssim2_score,butter_3norm
AIC-3,/mnt/v/input/datasets/aic3/data/original/00002_853x945.png,/mnt/v/input/datasets/aic3/data/decoded/00002_853x945/AVIF_00002_853x945_1.png,AVIF,1,0.120315,0.477125,98.459091,87.8445,1.530212
AIC-3,/mnt/v/input/datasets/aic3/data/original/00002_853x945.png,/mnt/v/input/datasets/aic3/data/decoded/00002_853x945/AVIF_00002_853x945_10.png,AVIF,10,3.448793,2.138732,52.671394,61.3549,4.090829
AIC-3,/mnt/v/input/datasets/aic3/data/original/00002_853x945.png,/mnt/v/input/datasets/aic3/data/decoded/00002_853x945/AVIF_00002_853x945_2.png,AVIF,2,0.736803,0.774014,84.062698,82.4575,1.928567
AIC-3,/mnt/v/input/datasets/aic3/data/original/00002_853x945.png,/mnt/v/input/datasets/aic3/data/decoded/00002_853x945/AVIF_00002_853x945_3.png,AVIF,3,1.293502,0.994742,78.166168,78.6048,2.248272
AIC-3,/mnt/v/input/datasets/aic3/data/original/00002_853x945.png,/mnt/v/input/datasets/aic3/data/decoded/00002_853x945/AVIF_00002_853x945_4.png,AVIF,4,1.867607,1.206548,72.664650,75.1559,2.616851
AIC-3,/mnt/v/input/datasets/aic3/data/original/00002_853x945.png,/mnt/v/input/datasets/aic3/data/decoded/00002_853x945/AVIF_00002_853x945_5.png,AVIF,5,2.240250,1.373053,68.533508,72.5030,2.976728
AIC-3,/mnt/v/input/datasets/aic3/data/original/00002_853x945.png,/mnt/v/input/datasets/aic3/data/decoded/00002_853x945/AVIF_00002_853x945_6.png,AVIF,6,2.587893,1.564977,63.603302,69.6644,3.334898
AIC-3,/mnt/v/input/datasets/aic3/data/original/00002_853x945.png,/mnt/v/input/datasets/aic3/data/decoded/00002_853x945/AVIF_00002_853x945_7.png,AVIF,7,2.891522,1.735884,59.608852,67.0275,3.431347
AIC-3,/mnt/v/input/datasets/aic3/data/original/00002_853x945.png,/mnt/v/input/datasets/aic3/data/decoded/00002_853x945/AVIF_00002_853x945_8.png,AVIF,8,3.090361,1.873470,56.462616,64.9754,3.668299
AIC-3,/mnt/v/input/datasets/aic3/data/original/00002_853x945.png,/mnt/v/input/datasets/aic3/data/decoded/00002_853x945/AVIF_00002_853x945_9.png,AVIF,9,3.295260,2.023738,53.588428,62.8466,3.830561
AIC-3,/mnt/v/input/datasets/aic3/data/original/00002_853x945.png,/mnt/v/input/datasets/aic3/data/decoded/00002_853x945/JPEG-1_00002_853x945_1.png,JPEG-1,1,0.387504,0.632173,86.613968,84.7448,1.892401
AIC-3,/mnt/v/input/datasets/aic3/data/original/00002_853x945.png,/mnt/v/input/datasets/aic3/data/decoded/00002_853x945/JPEG-1_00002_853x945_10.png,JPEG-1,10,1.989948,2.072218,54.475266,59.9977,4.376576
AIC-3,/mnt/v/input/datasets/aic3/data/original/00002_853x945.png,/mnt/v/input/datasets/aic3/data/decoded/00002_853x945/JPEG-1_00002_853x945_2.png,JPEG-1,2,0.919449,1.006588,77.575981,78.1702,2.540754
AIC-3,/mnt/v/input/datasets/aic3/data/original/00002_853x945.png,/mnt/v/input/datasets/aic3/data/decoded/00002_853x945/JPEG-1_00002_853x945_3.png,JPEG-1,3,1.234260,1.268801,71.766716,73.8769,2.956083
AIC-3,/mnt/v/input/datasets/aic3/data/original/00002_853x945.png,/mnt/v/input/datasets/aic3/data/decoded/00002_853x945/JPEG-1_00002_853x945_4.png,JPEG-1,4,1.463800,1.496162,66.147263,70.1743,3.323794
AIC-3,/mnt/v/input/datasets/aic3/data/original/00002_853x945.png,/mnt/v/input/datasets/aic3/data/decoded/00002_853x945/JPEG-1_00002_853x945_5.png,JPEG-1,5,1.606202,1.614156,63.640549,66.7076,3.483044
AIC-3,/mnt/v/input/datasets/aic3/data/original/00002_853x945.png,/mnt/v/input/datasets/aic3/data/decoded/00002_853x945/JPEG-1_00002_853x945_6.png,JPEG-1,6,1.711996,1.724195,61.291626,66.3228,3.729645
AIC-3,/mnt/v/input/datasets/aic3/data/original/00002_853x945.png,/mnt/v/input/datasets/aic3/data/decoded/00002_853x945/JPEG-1_00002_853x945_7.png,JPEG-1,7,1.793229,1.826298,59.476807,64.9288,3.902110
AIC-3,/mnt/v/input/datasets/aic3/data/original/00002_853x945.png,/mnt/v/input/datasets/aic3/data/decoded/00002_853x945/JPEG-1_00002_853x945_8.png,JPEG-1,8,1.892861,1.960651,56.858459,63.0697,4.218949
AIC-3,/mnt/v/input/datasets/aic3/data/original/00002_853x945.png,/mnt/v/input/datasets/aic3/data/decoded/00002_853x945/JPEG-1_00002_853x945_9.png,JPEG-1,9,1.910781,1.974736,56.496872,62.3226,4.331115
AIC-3,/mnt/v/input/datasets/aic3/data/original/00002_853x945.png,/mnt/v/input/datasets/aic3/data/decoded/00002_853x945/JPEG-2000_00002_853x945_1.png,JPEG-2000,1,0.536924,0.598821,91.129135,85.8481,1.679992
AIC-3,/mnt/v/input/datasets/aic3/data/original/00002_853x945.png,/mnt/v/input/datasets/aic3/data/decoded/00002_853x945/JPEG-2000_00002_853x945_10.png,JPEG-2000,10,3.162763,1.997576,54.378532,62.1171,3.540689
AIC-3,/mnt/v/input/datasets/aic3/data/original/00002_853x945.png,/mnt/v/input/datasets/aic3/data/decoded/00002_853x945/JPEG-2000_00002_853x945_2.png,JPEG-2000,2,1.299511,0.929846,78.739876,79.8151,2.106745
AIC-3,/mnt/v/input/datasets/aic3/data/original/00002_853x945.png,/mnt/v/input/datasets/aic3/data/decoded/00002_853x945/JPEG-2000_00002_853x945_3.png,JPEG-2000,3,1.705989,1.112067,73.916924,76.4503,2.412998
AIC-3,/mnt/v/input/datasets/aic3/data/original/00002_853x945.png,/mnt/v/input/datasets/aic3/data/decoded/00002_853x945/JPEG-2000_00002_853x945_4.png,JPEG-2000,4,2.086955,1.305190,68.978241,73.2877,2.670277
AIC-3,/mnt/v/input/datasets/aic3/data/original/00002_853x945.png,/mnt/v/input/datasets/aic3/data/decoded/00002_853x945/JPEG-2000_00002_853x945_5.png,JPEG-2000,5,2.396045,1.475697,65.008881,70.4035,2.964651
AIC-3,/mnt/v/input/datasets/aic3/data/original/00002_853x945.png,/mnt/v/input/datasets/aic3/data/decoded/00002_853x945/JPEG-2000_00002_853x945_6.png,JPEG-2000,6,2.623443,1.613177,61.593933,67.6256,3.094057
AIC-3,/mnt/v/input/datasets/aic3/data/original/00002_853x945.png,/mnt/v/input/datasets/aic3/data/decoded/00002_853x945/JPEG-2000_00002_853x945_7.png,JPEG-2000,7,2.788185,1.722517,59.127075,66.0812,3.129259
AIC-3,/mnt/v/input/datasets/aic3/data/original/00002_853x945.png,/mnt/v/input/datasets/aic3/data/decoded/00002_853x945/JPEG-2000_00002_853x945_8.png,JPEG-2000,8,2.944336,1.818197,57.084335,64.6418,3.535119
AIC-3,/mnt/v/input/datasets/aic3/data/original/00002_853x945.png,/mnt/v/input/datasets/aic3/data/decoded/00002_853x945/JPEG-2000_00002_853x945_9.png,JPEG-2000,9,3.050238,1.900209,55.585213,63.5229,3.324825
AIC-3,/mnt/v/input/datasets/aic3/data/original/00002_853x945.png,/mnt/v/input/datasets/aic3/data/decoded/00002_853x945/JPEGXL_00002_853x945_1.png,JPEGXL,1,0.037341,0.412232,94.378296,88.6980,0.996956
AIC-3,/mnt/v/input/datasets/aic3/data/original/00002_853x945.png,/mnt/v/input/datasets/aic3/data/decoded/00002_853x945/JPEGXL_00002_853x945_10.png,JPEGXL,10,3.732675,2.707302,44.129303,53.2720,4.520861
AIC-3,/mnt/v/input/datasets/aic3/data/original/00002_853x945.png,/mnt/v/input/datasets/aic3/data/decoded/00002_853x945/JPEGXL_00002_853x945_2.png,JPEGXL,2,0.401831,0.802910,82.224037,82.3525,1.671315
AIC-3,/mnt/v/input/datasets/aic3/data/original/00002_853x945.png,/mnt/v/input/datasets/aic3/data/decoded/00002_853x945/JPEGXL_00002_853x945_3.png,JPEGXL,3,1.120035,1.238266,71.454941,75.4031,2.208939
AIC-3,/mnt/v/input/datasets/aic3/data/original/00002_853x945.png,/mnt/v/input/datasets/aic3/data/decoded/00002_853x945/JPEGXL_00002_853x945_4.png,JPEGXL,4,1.634948,1.463180,65.238777,71.6921,2.868151
AIC-3,/mnt/v/input/datasets/aic3/data/original/00002_853x945.png,/mnt/v/input/datasets/aic3/data/decoded/00002_853x945/JPEGXL_00002_853x945_5.png,JPEGXL,5,2.098542,1.715941,60.057159,67.8998,3.122545
AIC-3,/mnt/v/input/datasets/aic3/data/original/00002_853x945.png,/mnt/v/input/datasets/aic3/data/decoded/00002_853x945/JPEGXL_00002_853x945_6.png,JPEGXL,6,2.574508,1.956094,55.043133,64.4366,3.371944
AIC-3,/mnt/v/input/datasets/aic3/data/original/00002_853x945.png,/mnt/v/input/datasets/aic3/data/decoded/00002_853x945/JPEGXL_00002_853x945_7.png,JPEGXL,7,2.912031,2.201146,51.319469,60.6205,3.795317
AIC-3,/mnt/v/input/datasets/aic3/data/original/00002_853x945.png,/mnt/v/input/datasets/aic3/data/decoded/00002_853x945/JPEGXL_00002_853x945_8.png,JPEGXL,8,3.276926,2.397197,48.013412,57.0418,4.211446
AIC-3,/mnt/v/input/datasets/aic3/data/original/00002_853x945.png,/mnt/v/input/datasets/aic3/data/decoded/00002_853x945/JPEGXL_00002_853x945_9.png,JPEGXL,9,3.524353,2.587215,45.462559,54.6751,4.156460
AIC-3,/mnt/v/input/datasets/aic3/data/original/00002_853x945.png,/mnt/v/input/datasets/aic3/data/decoded/00002_853x945/VVC_00002_853x945_1.png,VVC,1,0.013815,0.286753,106.833618,91.9711,1.090732
AIC-3,/mnt/v/input/datasets/aic3/data/original/00002_853x945.png,/mnt/v/input/datasets/aic3/data/decoded/00002_853x945/VVC_00002_853x945_10.png,VVC,10,3.784019,1.970322,54.302391,63.2028,4.158166
AIC-3,/mnt/v/input/datasets/aic3/data/original/00002_853x945.png,/mnt/v/input/datasets/aic3/data/decoded/00002_853x945/VVC_00002_853x945_2.png,VVC,2,0.230713,0.490377,96.603027,88.1246,1.332682
AIC-3,/mnt/v/input/datasets/aic3/data/original/00002_853x945.png,/mnt/v/input/datasets/aic3/data/decoded/00002_853x945/VVC_00002_853x945_3.png,VVC,3,0.682226,0.675822,87.677109,84.5051,1.793341
AIC-3,/mnt/v/input/datasets/aic3/data/original/00002_853x945.png,/mnt/v/input/datasets/aic3/data/decoded/00002_853x945/VVC_00002_853x945_4.png,VVC,4,1.185639,0.861139,79.885132,81.3691,2.257792
AIC-3,/mnt/v/input/datasets/aic3/data/original/00002_853x945.png,/mnt/v/input/datasets/aic3/data/decoded/00002_853x945/VVC_00002_853x945_5.png,VVC,5,1.847901,1.101763,73.371674,77.1465,2.696080
AIC-3,/mnt/v/input/datasets/aic3/data/original/00002_853x945.png,/mnt/v/input/datasets/aic3/data/decoded/00002_853x945/VVC_00002_853x945_6.png,VVC,6,2.199298,1.222253,70.202797,75.0632,2.783359
AIC-3,/mnt/v/input/datasets/aic3/data/original/00002_853x945.png,/mnt/v/input/datasets/aic3/data/decoded/00002_853x945/VVC_00002_853x945_7.png,VVC,7,2.598119,1.396739,66.025383,72.2716,2.865800
AIC-3,/mnt/v/input/datasets/aic3/data/original/00002_853x945.png,/mnt/v/input/datasets/aic3/data/decoded/00002_853x945/VVC_00002_853x945_8.png,VVC,8,2.996351,1.581922,61.735092,69.4367,3.227504
AIC-3,/mnt/v/input/datasets/aic3/data/original/00002_853x945.png,/mnt/v/input/datasets/aic3/data/decoded/00002_853x945/VVC_00002_853x945_9.png,VVC,9,3.384227,1.764549,57.371223,66.3842,4.139307
AIC-3,/mnt/v/input/datasets/aic3/data/original/00006_2048x1536.png,/mnt/v/input/datasets/aic3/data/decoded/00006_2048x1536/AVIF_00006_2048x1536_1.png,AVIF,1,0.130603,0.474151,100.894371,87.0201,1.953062
AIC-3,/mnt/v/input/datasets/aic3/data/original/00006_2048x1536.png,/mnt/v/input/datasets/aic3/data/decoded/00006_2048x1536/AVIF_00006_2048x1536_10.png,AVIF,10,2.384029,2.469964,47.968880,58.1676,5.003250
AIC-3,/mnt/v/input/datasets/aic3/data/original/00006_2048x1536.png,/mnt/v/input/datasets/aic3/data/decoded/00006_2048x1536/AVIF_00006_2048x1536_2.png,AVIF,2,0.509229,0.724323,88.666885,83.1015,1.985671
AIC-3,/mnt/v/input/datasets/aic3/data/original/00006_2048x1536.png,/mnt/v/input/datasets/aic3/data/decoded/00006_2048x1536/AVIF_00006_2048x1536_3.png,AVIF,3,0.878586,0.938225,79.382690,79.8073,2.599182
AIC-3,/mnt/v/input/datasets/aic3/data/original/00006_2048x1536.png,/mnt/v/input/datasets/aic3/data/decoded/00006_2048x1536/AVIF_00006_2048x1536_4.png,AVIF,4,1.214898,1.153116,74.198196,76.6405,3.034711
AIC-3,/mnt/v/input/datasets/aic3/data/original/00006_2048x1536.png,/mnt/v/input/datasets/aic3/data/decoded/00006_2048x1536/AVIF_00006_2048x1536_5.png,AVIF,5,1.401179,1.296953,71.160614,74.5047,3.301594
AIC-3,/mnt/v/input/datasets/aic3/data/original/00006_2048x1536.png,/mnt/v/input/datasets/aic3/data/decoded/00006_2048x1536/AVIF_00006_2048x1536_6.png,AVIF,6,1.574090,1.440604,67.775627,72.3709,3.573108
AIC-3,/mnt/v/input/datasets/aic3/data/original/00006_2048x1536.png,/mnt/v/input/datasets/aic3/data/decoded/00006_2048x1536/AVIF_00006_2048x1536_7.png,AVIF,7,1.800804,1.659173,62.672462,69.2315,4.168079
AIC-3,/mnt/v/input/datasets/aic3/data/original/00006_2048x1536.png,/mnt/v/input/datasets/aic3/data/decoded/00006_2048x1536/AVIF_00006_2048x1536_8.png,AVIF,8,1.988723,1.872190,58.196953,66.1183,4.177258
AIC-3,/mnt/v/input/datasets/aic3/data/original/00006_2048x1536.png,/mnt/v/input/datasets/aic3/data/decoded/00006_2048x1536/AVIF_00006_2048x1536_9.png,AVIF,9,2.090257,1.993813,55.306465,64.3281,4.372011
AIC-3,/mnt/v/input/datasets/aic3/data/original/00006_2048x1536.png,/mnt/v/input/datasets/aic3/data/decoded/00006_2048x1536/JPEG-1_00006_2048x1536_1.png,JPEG-1,1,0.043202,0.394115,96.671272,88.5597,2.883460
AIC-3,/mnt/v/input/datasets/aic3/data/original/00006_2048x1536.png,/mnt/v/input/datasets/aic3/data/decoded/00006_2048x1536/JPEG-1_00006_2048x1536_10.png,JPEG-1,10,1.703127,2.057630,55.638573,62.9821,3.968663
AIC-3,/mnt/v/input/datasets/aic3/data/original/00006_2048x1536.png,/mnt/v/input/datasets/aic3/data/decoded/00006_2048x1536/JPEG-1_00006_2048x1536_2.png,JPEG-1,2,0.228963,0.624981,89.416885,85.1409,3.218623
AIC-3,/mnt/v/input/datasets/aic3/data/original/00006_2048x1536.png,/mnt/v/input/datasets/aic3/data/decoded/00006_2048x1536/JPEG-1_00006_2048x1536_3.png,JPEG-1,3,0.532109,0.907894,81.780777,80.8966,3.598166
AIC-3,/mnt/v/input/datasets/aic3/data/original/00006_2048x1536.png,/mnt/v/input/datasets/aic3/data/decoded/00006_2048x1536/JPEG-1_00006_2048x1536_4.png,JPEG-1,4,0.787527,1.128779,76.118202,77.3800,3.473968
AIC-3,/mnt/v/input/datasets/aic3/data/original/00006_2048x1536.png,/mnt/v/input/datasets/aic3/data/decoded/00006_2048x1536/JPEG-1_00006_2048x1536_5.png,JPEG-1,5,1.021169,1.307209,71.948120,74.3182,3.910331
AIC-3,/mnt/v/input/datasets/aic3/data/original/00006_2048x1536.png,/mnt/v/input/datasets/aic3/data/decoded/00006_2048x1536/JPEG-1_00006_2048x1536_6.png,JPEG-1,6,1.228081,1.535484,67.000046,71.1609,4.155400
AIC-3,/mnt/v/input/datasets/aic3/data/original/00006_2048x1536.png,/mnt/v/input/datasets/aic3/data/decoded/00006_2048x1536/JPEG-1_00006_2048x1536_7.png,JPEG-1,7,1.347294,1.622666,64.749596,69.7395,4.062187
AIC-3,/mnt/v/input/datasets/aic3/data/original/00006_2048x1536.png,/mnt/v/input/datasets/aic3/data/decoded/00006_2048x1536/JPEG-1_00006_2048x1536_8.png,JPEG-1,8,1.520712,1.829671,59.799957,66.5350,4.133327
AIC-3,/mnt/v/input/datasets/aic3/data/original/00006_2048x1536.png,/mnt/v/input/datasets/aic3/data/decoded/00006_2048x1536/JPEG-1_00006_2048x1536_9.png,JPEG-1,9,1.609608,1.914708,58.059395,65.2853,3.925270
AIC-3,/mnt/v/input/datasets/aic3/data/original/00006_2048x1536.png,/mnt/v/input/datasets/aic3/data/decoded/00006_2048x1536/JPEG-2000_00006_2048x1536_1.png,JPEG-2000,1,0.235158,0.482131,99.171577,87.3361,1.539469
AIC-3,/mnt/v/input/datasets/aic3/data/original/00006_2048x1536.png,/mnt/v/input/datasets/aic3/data/decoded/00006_2048x1536/JPEG-2000_00006_2048x1536_10.png,JPEG-2000,10,2.305459,1.946724,56.633682,64.7221,3.780762
AIC-3,/mnt/v/input/datasets/aic3/data/original/00006_2048x1536.png,/mnt/v/input/datasets/aic3/data/decoded/00006_2048x1536/JPEG-2000_00006_2048x1536_2.png,JPEG-2000,2,0.657493,0.756514,86.342957,82.8382,2.156195
AIC-3,/mnt/v/input/datasets/aic3/data/original/00006_2048x1536.png,/mnt/v/input/datasets/aic3/data/decoded/00006_2048x1536/JPEG-2000_00006_2048x1536_3.png,JPEG-2000,3,0.945992,0.930358,79.417809,80.0216,2.512357
AIC-3,/mnt/v/input/datasets/aic3/data/original/00006_2048x1536.png,/mnt/v/input/datasets/aic3/data/decoded/00006_2048x1536/JPEG-2000_00006_2048x1536_4.png,JPEG-2000,4,1.245010,1.120072,75.064400,77.0301,2.678306
AIC-3,/mnt/v/input/datasets/aic3/data/original/00006_2048x1536.png,/mnt/v/input/datasets/aic3/data/decoded/00006_2048x1536/JPEG-2000_00006_2048x1536_5.png,JPEG-2000,5,1.462679,1.258561,71.944878,74.7973,3.410789
AIC-3,/mnt/v/input/datasets/aic3/data/original/00006_2048x1536.png,/mnt/v/input/datasets/aic3/data/decoded/00006_2048x1536/JPEG-2000_00006_2048x1536_6.png,JPEG-2000,6,1.675144,1.422782,67.971146,72.3582,3.161906
AIC-3,/mnt/v/input/datasets/aic3/data/original/00006_2048x1536.png,/mnt/v/input/datasets/aic3/data/decoded/00006_2048x1536/JPEG-2000_00006_2048x1536_7.png,JPEG-2000,7,1.844461,1.548987,65.131767,70.4015,3.550903
AIC-3,/mnt/v/input/datasets/aic3/data/original/00006_2048x1536.png,/mnt/v/input/datasets/aic3/data/decoded/00006_2048x1536/JPEG-2000_00006_2048x1536_8.png,JPEG-2000,8,2.033209,1.695818,61.831764,68.1452,3.371545
AIC-3,/mnt/v/input/datasets/aic3/data/original/00006_2048x1536.png,/mnt/v/input/datasets/aic3/data/decoded/00006_2048x1536/JPEG-2000_00006_2048x1536_9.png,JPEG-2000,9,2.193405,1.857357,58.401413,66.1672,3.802744
AIC-3,/mnt/v/input/datasets/aic3/data/original/00006_2048x1536.png,/mnt/v/input/datasets/aic3/data/decoded/00006_2048x1536/JPEGXL_00006_2048x1536_1.png,JPEGXL,1,0.010056,0.311129,105.393524,89.9781,1.037565
AIC-3,/mnt/v/input/datasets/aic3/data/original/00006_2048x1536.png,/mnt/v/input/datasets/aic3/data/decoded/00006_2048x1536/JPEGXL_00006_2048x1536_10.png,JPEGXL,10,2.145345,2.314959,51.277824,61.2364,4.163630
AIC-3,/mnt/v/input/datasets/aic3/data/original/00006_2048x1536.png,/mnt/v/input/datasets/aic3/data/decoded/00006_2048x1536/JPEGXL_00006_2048x1536_2.png,JPEGXL,2,0.127651,0.583000,91.194511,85.7785,1.397570
AIC-3,/mnt/v/input/datasets/aic3/data/original/00006_2048x1536.png,/mnt/v/input/datasets/aic3/data/decoded/00006_2048x1536/JPEGXL_00006_2048x1536_3.png,JPEGXL,3,0.392986,0.841562,81.431999,81.8025,2.005765
AIC-3,/mnt/v/input/datasets/aic3/data/original/00006_2048x1536.png,/mnt/v/input/datasets/aic3/data/decoded/00006_2048x1536/JPEGXL_00006_2048x1536_4.png,JPEGXL,4,0.673416,1.013767,77.139694,79.7230,2.162338
AIC-3,/mnt/v/input/datasets/aic3/data/original/00006_2048x1536.png,/mnt/v/input/datasets/aic3/data/decoded/00006_2048x1536/JPEGXL_00006_2048x1536_5.png,JPEGXL,5,0.974451,1.219271,71.799736,76.7011,2.554707
AIC-3,/mnt/v/input/datasets/aic3/data/original/00006_2048x1536.png,/mnt/v/input/datasets/aic3/data/decoded/00006_2048x1536/JPEGXL_00006_2048x1536_6.png,JPEGXL,6,1.240325,1.441899,66.571335,73.6500,2.771362
AIC-3,/mnt/v/input/datasets/aic3/data/original/00006_2048x1536.png,/mnt/v/input/datasets/aic3/data/decoded/00006_2048x1536/JPEGXL_00006_2048x1536_7.png,JPEGXL,7,1.473182,1.613192,63.320358,71.4898,3.347209
AIC-3,/mnt/v/input/datasets/aic3/data/original/00006_2048x1536.png,/mnt/v/input/datasets/aic3/data/decoded/00006_2048x1536/JPEGXL_00006_2048x1536_8.png,JPEGXL,8,1.638653,1.713001,61.088737,69.7216,3.372624
AIC-3,/mnt/v/input/datasets/aic3/data/original/00006_2048x1536.png,/mnt/v/input/datasets/aic3/data/decoded/00006_2048x1536/JPEGXL_00006_2048x1536_9.png,JPEGXL,9,1.949724,2.103468,53.891624,63.7282,4.356332
AIC-3,/mnt/v/input/datasets/aic3/data/original/00006_2048x1536.png,/mnt/v/input/datasets/aic3/data/decoded/00006_2048x1536/VVC_00006_2048x1536_1.png,VVC,1,0.363572,0.584867,94.043900,85.6177,1.826890
AIC-3,/mnt/v/input/datasets/aic3/data/original/00006_2048x1536.png,/mnt/v/input/datasets/aic3/data/decoded/00006_2048x1536/VVC_00006_2048x1536_10.png,VVC,10,3.145185,2.547413,46.969444,56.3501,5.725881
AIC-3,/mnt/v/input/datasets/aic3/data/original/00006_2048x1536.png,/mnt/v/input/datasets/aic3/data/decoded/00006_2048x1536/VVC_00006_2048x1536_2.png,VVC,2,1.020153,0.896140,80.125092,80.6164,2.828180
AIC-3,/mnt/v/input/datasets/aic3/data/original/00006_2048x1536.png,/mnt/v/input/datasets/aic3/data/decoded/00006_2048x1536/VVC_00006_2048x1536_3.png,VVC,3,1.446476,1.121525,73.368446,77.0923,3.159838
AIC-3,/mnt/v/input/datasets/aic3/data/original/00006_2048x1536.png,/mnt/v/input/datasets/aic3/data/decoded/00006_2048x1536/VVC_00006_2048x1536_4.png,VVC,4,1.682230,1.256170,70.776001,74.9427,3.327015
AIC-3,/mnt/v/input/datasets/aic3/data/original/00006_2048x1536.png,/mnt/v/input/datasets/aic3/data/decoded/00006_2048x1536/VVC_00006_2048x1536_5.png,VVC,5,1.911393,1.407221,66.793175,72.7405,3.611229
AIC-3,/mnt/v/input/datasets/aic3/data/original/00006_2048x1536.png,/mnt/v/input/datasets/aic3/data/decoded/00006_2048x1536/VVC_00006_2048x1536_6.png,VVC,6,2.163803,1.579968,62.316490,70.0691,3.895936
AIC-3,/mnt/v/input/datasets/aic3/data/original/00006_2048x1536.png,/mnt/v/input/datasets/aic3/data/decoded/00006_2048x1536/VVC_00006_2048x1536_7.png,VVC,7,2.416728,1.780965,58.087654,66.9486,4.836214
AIC-3,/mnt/v/input/datasets/aic3/data/original/00006_2048x1536.png,/mnt/v/input/datasets/aic3/data/decoded/00006_2048x1536/VVC_00006_2048x1536_8.png,VVC,8,2.659701,1.998847,54.167519,63.8462,4.920268
AIC-3,/mnt/v/input/datasets/aic3/data/original/00006_2048x1536.png,/mnt/v/input/datasets/aic3/data/decoded/00006_2048x1536/VVC_00006_2048x1536_9.png,VVC,9,2.910703,2.259546,50.231361,60.1203,5.639235
AIC-3,/mnt/v/input/datasets/aic3/data/original/00007_1600x1200.png,/mnt/v/input/datasets/aic3/data/decoded/00007_1600x1200/AVIF_00007_1600x1200_1.png,AVIF,1,0.090232,0.529405,97.192543,86.5327,1.274959
AIC-3,/mnt/v/input/datasets/aic3/data/original/00007_1600x1200.png,/mnt/v/input/datasets/aic3/data/decoded/00007_1600x1200/AVIF_00007_1600x1200_10.png,AVIF,10,3.169513,3.161925,40.948509,48.2139,5.601902
AIC-3,/mnt/v/input/datasets/aic3/data/original/00007_1600x1200.png,/mnt/v/input/datasets/aic3/data/decoded/00007_1600x1200/AVIF_00007_1600x1200_2.png,AVIF,2,0.537908,0.930106,80.682602,79.6285,2.371196
AIC-3,/mnt/v/input/datasets/aic3/data/original/00007_1600x1200.png,/mnt/v/input/datasets/aic3/data/decoded/00007_1600x1200/AVIF_00007_1600x1200_3.png,AVIF,3,1.024531,1.202477,73.720474,75.0856,2.475737
AIC-3,/mnt/v/input/datasets/aic3/data/original/00007_1600x1200.png,/mnt/v/input/datasets/aic3/data/decoded/00007_1600x1200/AVIF_00007_1600x1200_4.png,AVIF,4,1.473279,1.523976,65.485222,70.3168,3.454737
AIC-3,/mnt/v/input/datasets/aic3/data/original/00007_1600x1200.png,/mnt/v/input/datasets/aic3/data/decoded/00007_1600x1200/AVIF_00007_1600x1200_5.png,AVIF,5,1.780422,1.758691,59.694885,66.8178,3.534204
AIC-3,/mnt/v/input/datasets/aic3/data/original/00007_1600x1200.png,/mnt/v/input/datasets/aic3/data/decoded/00007_1600x1200/AVIF_00007_1600x1200_6.png,AVIF,6,2.057346,1.982016,55.149807,63.7692,3.611804
AIC-3,/mnt/v/input/datasets/aic3/data/original/00007_1600x1200.png,/mnt/v/input/datasets/aic3/data/decoded/00007_1600x1200/AVIF_00007_1600x1200_7.png,AVIF,7,2.383577,2.299302,50.182350,59.6148,3.939705
AIC-3,/mnt/v/input/datasets/aic3/data/original/00007_1600x1200.png,/mnt/v/input/datasets/aic3/data/decoded/00007_1600x1200/AVIF_00007_1600x1200_8.png,AVIF,8,2.693956,2.584268,46.963055,55.3072,4.576078
AIC-3,/mnt/v/input/datasets/aic3/data/original/00007_1600x1200.png,/mnt/v/input/datasets/aic3/data/decoded/00007_1600x1200/AVIF_00007_1600x1200_9.png,AVIF,9,2.843612,2.770186,44.899399,53.0202,5.192153
AIC-3,/mnt/v/input/datasets/aic3/data/original/00007_1600x1200.png,/mnt/v/input/datasets/aic3/data/decoded/00007_1600x1200/JPEG-1_00007_1600x1200_1.png,JPEG-1,1,0.309248,0.823504,83.107521,79.5365,6.210633
AIC-3,/mnt/v/input/datasets/aic3/data/original/00007_1600x1200.png,/mnt/v/input/datasets/aic3/data/decoded/00007_1600x1200/JPEG-1_00007_1600x1200_10.png,JPEG-1,10,2.296831,3.279703,39.632256,45.8742,5.483182
AIC-3,/mnt/v/input/datasets/aic3/data/original/00007_1600x1200.png,/mnt/v/input/datasets/aic3/data/decoded/00007_1600x1200/JPEG-1_00007_1600x1200_2.png,JPEG-1,2,0.779228,1.176071,74.610863,73.7799,6.589670
AIC-3,/mnt/v/input/datasets/aic3/data/original/00007_1600x1200.png,/mnt/v/input/datasets/aic3/data/decoded/00007_1600x1200/JPEG-1_00007_1600x1200_3.png,JPEG-1,3,1.155671,1.550747,65.361252,68.7206,6.220961
AIC-3,/mnt/v/input/datasets/aic3/data/original/00007_1600x1200.png,/mnt/v/input/datasets/aic3/data/decoded/00007_1600x1200/JPEG-1_00007_1600x1200_4.png,JPEG-1,4,1.433934,1.840261,58.606560,64.2716,6.291426
AIC-3,/mnt/v/input/datasets/aic3/data/original/00007_1600x1200.png,/mnt/v/input/datasets/aic3/data/decoded/00007_1600x1200/JPEG-1_00007_1600x1200_5.png,JPEG-1,5,1.612550,2.079760,54.762325,61.3104,6.164130
AIC-3,/mnt/v/input/datasets/aic3/data/original/00007_1600x1200.png,/mnt/v/input/datasets/aic3/data/decoded/00007_1600x1200/JPEG-1_00007_1600x1200_6.png,JPEG-1,6,1.758199,2.302049,51.072269,58.4245,6.369555
AIC-3,/mnt/v/input/datasets/aic3/data/original/00007_1600x1200.png,/mnt/v/input/datasets/aic3/data/decoded/00007_1600x1200/JPEG-1_00007_1600x1200_7.png,JPEG-1,7,1.910969,2.523557,47.411423,55.3764,5.551792
AIC-3,/mnt/v/input/datasets/aic3/data/original/00007_1600x1200.png,/mnt/v/input/datasets/aic3/data/decoded/00007_1600x1200/JPEG-1_00007_1600x1200_8.png,JPEG-1,8,2.067950,2.885683,43.804237,50.2048,5.967566
AIC-3,/mnt/v/input/datasets/aic3/data/original/00007_1600x1200.png,/mnt/v/input/datasets/aic3/data/decoded/00007_1600x1200/JPEG-1_00007_1600x1200_9.png,JPEG-1,9,2.181743,3.070803,42.536369,48.7685,5.792129
AIC-3,/mnt/v/input/datasets/aic3/data/original/00007_1600x1200.png,/mnt/v/input/datasets/aic3/data/decoded/00007_1600x1200/JPEG-2000_00007_1600x1200_1.png,JPEG-2000,1,0.189921,0.660712,90.702980,84.7133,1.482436
AIC-3,/mnt/v/input/datasets/aic3/data/original/00007_1600x1200.png,/mnt/v/input/datasets/aic3/data/decoded/00007_1600x1200/JPEG-2000_00007_1600x1200_10.png,JPEG-2000,10,3.013909,3.320291,41.166061,44.1985,5.128677
AIC-3,/mnt/v/input/datasets/aic3/data/original/00007_1600x1200.png,/mnt/v/input/datasets/aic3/data/decoded/00007_1600x1200/JPEG-2000_00007_1600x1200_2.png,JPEG-2000,2,0.537748,1.002550,77.747765,78.5334,2.015239
AIC-3,/mnt/v/input/datasets/aic3/data/original/00007_1600x1200.png,/mnt/v/input/datasets/aic3/data/decoded/00007_1600x1200/JPEG-2000_00007_1600x1200_3.png,JPEG-2000,3,0.943324,1.334613,69.100258,72.8073,2.481429
AIC-3,/mnt/v/input/datasets/aic3/data/original/00007_1600x1200.png,/mnt/v/input/datasets/aic3/data/decoded/00007_1600x1200/JPEG-2000_00007_1600x1200_4.png,JPEG-2000,4,1.306478,1.644096,61.614899,67.9378,2.783145
AIC-3,/mnt/v/input/datasets/aic3/data/original/00007_1600x1200.png,/mnt/v/input/datasets/aic3/data/decoded/00007_1600x1200/JPEG-2000_00007_1600x1200_5.png,JPEG-2000,5,1.614634,1.921281,56.470367,63.8605,3.450588
AIC-3,/mnt/v/input/datasets/aic3/data/original/00007_1600x1200.png,/mnt/v/input/datasets/aic3/data/decoded/00007_1600x1200/JPEG-2000_00007_1600x1200_6.png,JPEG-2000,6,1.942283,2.216843,51.845856,59.4864,3.955445
AIC-3,/mnt/v/input/datasets/aic3/data/original/00007_1600x1200.png,/mnt/v/input/datasets/aic3/data/decoded/00007_1600x1200/JPEG-2000_00007_1600x1200_7.png,JPEG-2000,7,2.266416,2.517684,47.514847,54.9304,4.577421
AIC-3,/mnt/v/input/datasets/aic3/data/original/00007_1600x1200.png,/mnt/v/input/datasets/aic3/data/decoded/00007_1600x1200/JPEG-2000_00007_1600x1200_8.png,JPEG-2000,8,2.552621,2.810086,44.469055,51.1009,4.694893
AIC-3,/mnt/v/input/datasets/aic3/data/original/00007_1600x1200.png,/mnt/v/input/datasets/aic3/data/decoded/00007_1600x1200/JPEG-2000_00007_1600x1200_9.png,JPEG-2000,9,2.772898,3.068059,42.965294,47.8439,4.755178
AIC-3,/mnt/v/input/datasets/aic3/data/original/00007_1600x1200.png,/mnt/v/input/datasets/aic3/data/decoded/00007_1600x1200/JPEGXL_00007_1600x1200_1.png,JPEGXL,1,0.028146,0.404132,94.966423,88.2024,0.987060
AIC-3,/mnt/v/input/datasets/aic3/data/original/00007_1600x1200.png,/mnt/v/input/datasets/aic3/data/decoded/00007_1600x1200/JPEGXL_00007_1600x1200_10.png,JPEGXL,10,3.398547,3.277096,37.353996,41.5226,5.480611
AIC-3,/mnt/v/input/datasets/aic3/data/original/00007_1600x1200.png,/mnt/v/input/datasets/aic3/data/decoded/00007_1600x1200/JPEGXL_00007_1600x1200_2.png,JPEGXL,2,0.309968,0.810792,81.264053,80.0037,1.676622
AIC-3,/mnt/v/input/datasets/aic3/data/original/00007_1600x1200.png,/mnt/v/input/datasets/aic3/data/decoded/00007_1600x1200/JPEGXL_00007_1600x1200_3.png,JPEGXL,3,0.692076,1.139186,73.752342,74.4881,2.312763
AIC-3,/mnt/v/input/datasets/aic3/data/original/00007_1600x1200.png,/mnt/v/input/datasets/aic3/data/decoded/00007_1600x1200/JPEGXL_00007_1600x1200_4.png,JPEGXL,4,1.077863,1.384250,66.725273,69.7260,2.714372
AIC-3,/mnt/v/input/datasets/aic3/data/original/00007_1600x1200.png,/mnt/v/input/datasets/aic3/data/decoded/00007_1600x1200/JPEGXL_00007_1600x1200_5.png,JPEGXL,5,1.508639,1.673559,60.749031,64.8125,3.392188
AIC-3,/mnt/v/input/datasets/aic3/data/original/00007_1600x1200.png,/mnt/v/input/datasets/aic3/data/decoded/00007_1600x1200/JPEGXL_00007_1600x1200_6.png,JPEGXL,6,1.943902,2.004122,54.777534,60.3230,3.603971
AIC-3,/mnt/v/input/datasets/aic3/data/original/00007_1600x1200.png,/mnt/v/input/datasets/aic3/data/decoded/00007_1600x1200/JPEGXL_00007_1600x1200_7.png,JPEGXL,7,2.287876,2.220783,51.431503,56.7969,4.259155
AIC-3,/mnt/v/input/datasets/aic3/data/original/00007_1600x1200.png,/mnt/v/input/datasets/aic3/data/decoded/00007_1600x1200/JPEGXL_00007_1600x1200_8.png,JPEGXL,8,2.743190,2.685928,43.355438,49.5978,4.560735
AIC-3,/mnt/v/input/datasets/aic3/data/original/00007_1600x1200.png,/mnt/v/input/datasets/aic3/data/decoded/00007_1600x1200/JPEGXL_00007_1600x1200_9.png,JPEGXL,9,3.064074,3.007649,39.510201,45.2985,4.877091
AIC-3,/mnt/v/input/datasets/aic3/data/original/00007_1600x1200.png,/mnt/v/input/datasets/aic3/data/decoded/00007_1600x1200/VVC_00007_1600x1200_1.png,VVC,1,0.063913,0.489552,98.431641,87.7745,1.174349
AIC-3,/mnt/v/input/datasets/aic3/data/original/00007_1600x1200.png,/mnt/v/input/datasets/aic3/data/decoded/00007_1600x1200/VVC_00007_1600x1200_10.png,VVC,10,3.244001,3.194787,40.854897,44.1900,5.456159
AIC-3,/mnt/v/input/datasets/aic3/data/original/00007_1600x1200.png,/mnt/v/input/datasets/aic3/data/decoded/00007_1600x1200/VVC_00007_1600x1200_2.png,VVC,2,0.419295,0.838551,82.079178,81.0081,1.804423
AIC-3,/mnt/v/input/datasets/aic3/data/original/00007_1600x1200.png,/mnt/v/input/datasets/aic3/data/decoded/00007_1600x1200/VVC_00007_1600x1200_3.png,VVC,3,0.912407,1.190821,72.217018,74.9576,2.492436
AIC-3,/mnt/v/input/datasets/aic3/data/original/00007_1600x1200.png,/mnt/v/input/datasets/aic3/data/decoded/00007_1600x1200/VVC_00007_1600x1200_4.png,VVC,4,1.374582,1.519470,64.133614,69.5944,2.971109
AIC-3,/mnt/v/input/datasets/aic3/data/original/00007_1600x1200.png,/mnt/v/input/datasets/aic3/data/decoded/00007_1600x1200/VVC_00007_1600x1200_5.png,VVC,5,1.637249,1.708597,59.820549,66.2987,3.378886
AIC-3,/mnt/v/input/datasets/aic3/data/original/00007_1600x1200.png,/mnt/v/input/datasets/aic3/data/decoded/00007_1600x1200/VVC_00007_1600x1200_6.png,VVC,6,1.937108,1.948702,54.449287,62.8144,3.688643
AIC-3,/mnt/v/input/datasets/aic3/data/original/00007_1600x1200.png,/mnt/v/input/datasets/aic3/data/decoded/00007_1600x1200/VVC_00007_1600x1200_7.png,VVC,7,2.236220,2.189457,51.139038,58.9569,4.104633
AIC-3,/mnt/v/input/datasets/aic3/data/original/00007_1600x1200.png,/mnt/v/input/datasets/aic3/data/decoded/00007_1600x1200/VVC_00007_1600x1200_8.png,VVC,8,2.565378,2.461650,46.957794,54.5188,4.553482
AIC-3,/mnt/v/input/datasets/aic3/data/original/00007_1600x1200.png,/mnt/v/input/datasets/aic3/data/decoded/00007_1600x1200/VVC_00007_1600x1200_9.png,VVC,9,2.899290,2.796462,43.159424,49.3092,5.175171
AIC-3,/mnt/v/input/datasets/aic3/data/original/00009_2048x1536.png,/mnt/v/input/datasets/aic3/data/decoded/00009_2048x1536/AVIF_00009_2048x1536_1.png,AVIF,1,0.005089,0.288511,108.126312,90.2903,0.928409
AIC-3,/mnt/v/input/datasets/aic3/data/original/00009_2048x1536.png,/mnt/v/input/datasets/aic3/data/decoded/00009_2048x1536/AVIF_00009_2048x1536_10.png,AVIF,10,2.534862,2.035193,52.943863,62.4145,3.185853
AIC-3,/mnt/v/input/datasets/aic3/data/original/00009_2048x1536.png,/mnt/v/input/datasets/aic3/data/decoded/00009_2048x1536/AVIF_00009_2048x1536_2.png,AVIF,2,0.192039,0.529968,98.019646,85.7258,1.390526
AIC-3,/mnt/v/input/datasets/aic3/data/original/00009_2048x1536.png,/mnt/v/input/datasets/aic3/data/decoded/00009_2048x1536/AVIF_00009_2048x1536_3.png,AVIF,3,0.446164,0.706815,89.949829,82.5638,1.662718
AIC-3,/mnt/v/input/datasets/aic3/data/original/00009_2048x1536.png,/mnt/v/input/datasets/aic3/data/decoded/00009_2048x1536/AVIF_00009_2048x1536_4.png,AVIF,4,0.883039,0.964516,78.204140,78.3159,2.038832
AIC-3,/mnt/v/input/datasets/aic3/data/original/00009_2048x1536.png,/mnt/v/input/datasets/aic3/data/decoded/00009_2048x1536/AVIF_00009_2048x1536_5.png,AVIF,5,0.993184,1.026298,75.928047,77.3118,2.179845
AIC-3,/mnt/v/input/datasets/aic3/data/original/00009_2048x1536.png,/mnt/v/input/datasets/aic3/data/decoded/00009_2048x1536/AVIF_00009_2048x1536_6.png,AVIF,6,1.464677,1.308600,68.876480,72.9197,2.374369
AIC-3,/mnt/v/input/datasets/aic3/data/original/00009_2048x1536.png,/mnt/v/input/datasets/aic3/data/decoded/00009_2048x1536/AVIF_00009_2048x1536_7.png,AVIF,7,1.790519,1.495015,64.624496,70.5243,2.668175
AIC-3,/mnt/v/input/datasets/aic3/data/original/00009_2048x1536.png,/mnt/v/input/datasets/aic3/data/decoded/00009_2048x1536/AVIF_00009_2048x1536_8.png,AVIF,8,2.015070,1.640005,60.544296,68.2776,2.774406
AIC-3,/mnt/v/input/datasets/aic3/data/original/00009_2048x1536.png,/mnt/v/input/datasets/aic3/data/decoded/00009_2048x1536/AVIF_00009_2048x1536_9.png,AVIF,9,2.201125,1.775540,57.706024,66.2826,3.034639
AIC-3,/mnt/v/input/datasets/aic3/data/original/00009_2048x1536.png,/mnt/v/input/datasets/aic3/data/decoded/00009_2048x1536/JPEG-1_00009_2048x1536_1.png,JPEG-1,1,0.009175,0.260131,104.698936,91.2886,1.095350
AIC-3,/mnt/v/input/datasets/aic3/data/original/00009_2048x1536.png,/mnt/v/input/datasets/aic3/data/decoded/00009_2048x1536/JPEG-1_00009_2048x1536_10.png,JPEG-1,10,1.932632,2.325570,52.692917,59.5759,3.179163
AIC-3,/mnt/v/input/datasets/aic3/data/original/00009_2048x1536.png,/mnt/v/input/datasets/aic3/data/decoded/00009_2048x1536/JPEG-1_00009_2048x1536_2.png,JPEG-1,2,0.232432,0.561204,91.096100,86.1107,2.000873
AIC-3,/mnt/v/input/datasets/aic3/data/original/00009_2048x1536.png,/mnt/v/input/datasets/aic3/data/decoded/00009_2048x1536/JPEG-1_00009_2048x1536_3.png,JPEG-1,3,0.557918,0.867898,80.937340,81.4246,2.045294
AIC-3,/mnt/v/input/datasets/aic3/data/original/00009_2048x1536.png,/mnt/v/input/datasets/aic3/data/decoded/00009_2048x1536/JPEG-1_00009_2048x1536_4.png,JPEG-1,4,0.906840,1.168554,73.920258,76.7165,2.531734
AIC-3,/mnt/v/input/datasets/aic3/data/original/00009_2048x1536.png,/mnt/v/input/datasets/aic3/data/decoded/00009_2048x1536/JPEG-1_00009_2048x1536_5.png,JPEG-1,5,1.199286,1.457822,68.031334,72.0207,2.626890
AIC-3,/mnt/v/input/datasets/aic3/data/original/00009_2048x1536.png,/mnt/v/input/datasets/aic3/data/decoded/00009_2048x1536/JPEG-1_00009_2048x1536_6.png,JPEG-1,6,1.373825,1.645809,64.525620,69.2564,2.855383
AIC-3,/mnt/v/input/datasets/aic3/data/original/00009_2048x1536.png,/mnt/v/input/datasets/aic3/data/decoded/00009_2048x1536/JPEG-1_00009_2048x1536_7.png,JPEG-1,7,1.554216,1.827803,61.298256,66.6344,2.919825
AIC-3,/mnt/v/input/datasets/aic3/data/original/00009_2048x1536.png,/mnt/v/input/datasets/aic3/data/decoded/00009_2048x1536/JPEG-1_00009_2048x1536_8.png,JPEG-1,8,1.704313,2.003244,58.192219,64.1682,3.129396
AIC-3,/mnt/v/input/datasets/aic3/data/original/00009_2048x1536.png,/mnt/v/input/datasets/aic3/data/decoded/00009_2048x1536/JPEG-1_00009_2048x1536_9.png,JPEG-1,9,1.820957,2.172365,55.482109,61.8621,3.064298
AIC-3,/mnt/v/input/datasets/aic3/data/original/00009_2048x1536.png,/mnt/v/input/datasets/aic3/data/decoded/00009_2048x1536/JPEG-2000_00009_2048x1536_1.png,JPEG-2000,1,0.000115,0.122876,114.461227,94.3105,0.813860
AIC-3,/mnt/v/input/datasets/aic3/data/original/00009_2048x1536.png,/mnt/v/input/datasets/aic3/data/decoded/00009_2048x1536/JPEG-2000_00009_2048x1536_10.png,JPEG-2000,10,2.388863,1.754047,58.718967,66.5498,2.911843
AIC-3,/mnt/v/input/datasets/aic3/data/original/00009_2048x1536.png,/mnt/v/input/datasets/aic3/data/decoded/00009_2048x1536/JPEG-2000_00009_2048x1536_2.png,JPEG-2000,2,0.298969,0.453694,100.645874,88.0803,1.353141
AIC-3,/mnt/v/input/datasets/aic3/data/original/00009_2048x1536.png,/mnt/v/input/datasets/aic3/data/decoded/00009_2048x1536/JPEG-2000_00009_2048x1536_3.png,JPEG-2000,3,0.646949,0.665633,90.906258,84.2779,1.796650
AIC-3,/mnt/v/input/datasets/aic3/data/original/00009_2048x1536.png,/mnt/v/input/datasets/aic3/data/decoded/00009_2048x1536/JPEG-2000_00009_2048x1536_4.png,JPEG-2000,4,1.061949,0.896525,80.855843,80.1895,2.033534
AIC-3,/mnt/v/input/datasets/aic3/data/original/00009_2048x1536.png,/mnt/v/input/datasets/aic3/data/decoded/00009_2048x1536/JPEG-2000_00009_2048x1536_5.png,JPEG-2000,5,1.359622,1.072650,74.753403,77.3106,2.048599
AIC-3,/mnt/v/input/datasets/aic3/data/original/00009_2048x1536.png,/mnt/v/input/datasets/aic3/data/decoded/00009_2048x1536/JPEG-2000_00009_2048x1536_6.png,JPEG-2000,6,1.625199,1.233145,70.764801,74.6229,2.276123
AIC-3,/mnt/v/input/datasets/aic3/data/original/00009_2048x1536.png,/mnt/v/input/datasets/aic3/data/decoded/00009_2048x1536/JPEG-2000_00009_2048x1536_7.png,JPEG-2000,7,1.864703,1.378873,67.036285,72.2443,2.449895
AIC-3,/mnt/v/input/datasets/aic3/data/original/00009_2048x1536.png,/mnt/v/input/datasets/aic3/data/decoded/00009_2048x1536/JPEG-2000_00009_2048x1536_8.png,JPEG-2000,8,2.078102,1.523840,63.567284,69.9873,2.550016
AIC-3,/mnt/v/input/datasets/aic3/data/original/00009_2048x1536.png,/mnt/v/input/datasets/aic3/data/decoded/00009_2048x1536/JPEG-2000_00009_2048x1536_9.png,JPEG-2000,9,2.225733,1.626581,61.177773,68.4415,2.716311
AIC-3,/mnt/v/input/datasets/aic3/data/original/00009_2048x1536.png,/mnt/v/input/datasets/aic3/data/decoded/00009_2048x1536/JPEGXL_00009_2048x1536_1.png,JPEGXL,1,0.001394,0.134240,113.570335,93.6950,0.427381
AIC-3,/mnt/v/input/datasets/aic3/data/original/00009_2048x1536.png,/mnt/v/input/datasets/aic3/data/decoded/00009_2048x1536/JPEGXL_00009_2048x1536_10.png,JPEGXL,10,2.189454,1.959955,55.368446,65.9721,3.053999
AIC-3,/mnt/v/input/datasets/aic3/data/original/00009_2048x1536.png,/mnt/v/input/datasets/aic3/data/decoded/00009_2048x1536/JPEGXL_00009_2048x1536_2.png,JPEGXL,2,0.138660,0.417428,97.557724,88.8112,1.191724
AIC-3,/mnt/v/input/datasets/aic3/data/original/00009_2048x1536.png,/mnt/v/input/datasets/aic3/data/decoded/00009_2048x1536/JPEGXL_00009_2048x1536_3.png,JPEGXL,3,0.415663,0.658143,86.303032,84.8245,1.485175
AIC-3,/mnt/v/input/datasets/aic3/data/original/00009_2048x1536.png,/mnt/v/input/datasets/aic3/data/decoded/00009_2048x1536/JPEGXL_00009_2048x1536_4.png,JPEGXL,4,0.771849,0.909517,77.891830,80.8626,1.910778
AIC-3,/mnt/v/input/datasets/aic3/data/original/00009_2048x1536.png,/mnt/v/input/datasets/aic3/data/decoded/00009_2048x1536/JPEGXL_00009_2048x1536_5.png,JPEGXL,5,1.142616,1.174275,72.081161,76.8590,2.037530
AIC-3,/mnt/v/input/datasets/aic3/data/original/00009_2048x1536.png,/mnt/v/input/datasets/aic3/data/decoded/00009_2048x1536/JPEGXL_00009_2048x1536_6.png,JPEGXL,6,1.440155,1.335010,68.246300,74.7275,2.391236
AIC-3,/mnt/v/input/datasets/aic3/data/original/00009_2048x1536.png,/mnt/v/input/datasets/aic3/data/decoded/00009_2048x1536/JPEGXL_00009_2048x1536_7.png,JPEGXL,7,1.668543,1.502760,63.955635,72.2334,2.569361
AIC-3,/mnt/v/input/datasets/aic3/data/original/00009_2048x1536.png,/mnt/v/input/datasets/aic3/data/decoded/00009_2048x1536/JPEGXL_00009_2048x1536_8.png,JPEGXL,8,1.867908,1.682123,60.202133,69.7320,2.536013
AIC-3,/mnt/v/input/datasets/aic3/data/original/00009_2048x1536.png,/mnt/v/input/datasets/aic3/data/decoded/00009_2048x1536/JPEGXL_00009_2048x1536_9.png,JPEGXL,9,2.049236,1.852642,57.139977,67.1490,2.693284
AIC-3,/mnt/v/input/datasets/aic3/data/original/00009_2048x1536.png,/mnt/v/input/datasets/aic3/data/decoded/00009_2048x1536/VVC_00009_2048x1536_1.png,VVC,1,0.046778,0.515110,94.256111,84.7237,1.930917
AIC-3,/mnt/v/input/datasets/aic3/data/original/00009_2048x1536.png,/mnt/v/input/datasets/aic3/data/decoded/00009_2048x1536/VVC_00009_2048x1536_10.png,VVC,10,2.807924,2.190170,49.440399,60.9671,3.186251
AIC-3,/mnt/v/input/datasets/aic3/data/original/00009_2048x1536.png,/mnt/v/input/datasets/aic3/data/decoded/00009_2048x1536/VVC_00009_2048x1536_2.png,VVC,2,0.306929,0.686460,87.484093,82.5978,1.999312
AIC-3,/mnt/v/input/datasets/aic3/data/original/00009_2048x1536.png,/mnt/v/input/datasets/aic3/data/decoded/00009_2048x1536/VVC_00009_2048x1536_3.png,VVC,3,0.725971,0.890491,80.154007,79.5708,1.972547
AIC-3,/mnt/v/input/datasets/aic3/data/original/00009_2048x1536.png,/mnt/v/input/datasets/aic3/data/decoded/00009_2048x1536/VVC_00009_2048x1536_4.png,VVC,4,1.149210,1.121266,72.808929,76.4667,2.171744
AIC-3,/mnt/v/input/datasets/aic3/data/original/00009_2048x1536.png,/mnt/v/input/datasets/aic3/data/decoded/00009_2048x1536/VVC_00009_2048x1536_5.png,VVC,5,1.396282,1.239300,69.647430,74.6529,2.535103
AIC-3,/mnt/v/input/datasets/aic3/data/original/00009_2048x1536.png,/mnt/v/input/datasets/aic3/data/decoded/00009_2048x1536/VVC_00009_2048x1536_6.png,VVC,6,1.659613,1.397222,65.359482,72.4726,2.437510
AIC-3,/mnt/v/input/datasets/aic3/data/original/00009_2048x1536.png,/mnt/v/input/datasets/aic3/data/decoded/00009_2048x1536/VVC_00009_2048x1536_7.png,VVC,7,1.946984,1.561882,61.005089,69.9495,3.135776
AIC-3,/mnt/v/input/datasets/aic3/data/original/00009_2048x1536.png,/mnt/v/input/datasets/aic3/data/decoded/00009_2048x1536/VVC_00009_2048x1536_8.png,VVC,8,2.229873,1.738380,57.074413,67.3983,3.254581
AIC-3,/mnt/v/input/datasets/aic3/data/original/00009_2048x1536.png,/mnt/v/input/datasets/aic3/data/decoded/00009_2048x1536/VVC_00009_2048x1536_9.png,VVC,9,2.519480,1.955046,53.044621,64.4838,3.168638
AIC-3,/mnt/v/input/datasets/aic3/data/original/00010_2592x1946.png,/mnt/v/input/datasets/aic3/data/decoded/00010_2592x1946/AVIF_00010_2592x1946_1.png,AVIF,1,0.027188,0.320553,108.158920,89.7959,1.349367
AIC-3,/mnt/v/input/datasets/aic3/data/original/00010_2592x1946.png,/mnt/v/input/datasets/aic3/data/decoded/00010_2592x1946/AVIF_00010_2592x1946_10.png,AVIF,10,1.912993,2.005697,55.600922,62.7326,4.890289
AIC-3,/mnt/v/input/datasets/aic3/data/original/00010_2592x1946.png,/mnt/v/input/datasets/aic3/data/decoded/00010_2592x1946/AVIF_00010_2592x1946_2.png,AVIF,2,0.194542,0.506561,99.464706,86.4459,1.917168
AIC-3,/mnt/v/input/datasets/aic3/data/original/00010_2592x1946.png,/mnt/v/input/datasets/aic3/data/decoded/00010_2592x1946/AVIF_00010_2592x1946_3.png,AVIF,3,0.470587,0.707494,90.738792,83.0387,2.515701
AIC-3,/mnt/v/input/datasets/aic3/data/original/00010_2592x1946.png,/mnt/v/input/datasets/aic3/data/decoded/00010_2592x1946/AVIF_00010_2592x1946_4.png,AVIF,4,0.651229,0.826957,85.326889,80.9508,2.173167
AIC-3,/mnt/v/input/datasets/aic3/data/original/00010_2592x1946.png,/mnt/v/input/datasets/aic3/data/decoded/00010_2592x1946/AVIF_00010_2592x1946_5.png,AVIF,5,0.973273,1.017391,78.315414,78.0530,2.559422
AIC-3,/mnt/v/input/datasets/aic3/data/original/00010_2592x1946.png,/mnt/v/input/datasets/aic3/data/decoded/00010_2592x1946/AVIF_00010_2592x1946_6.png,AVIF,6,1.232149,1.219288,73.661659,74.6693,3.134377
AIC-3,/mnt/v/input/datasets/aic3/data/original/00010_2592x1946.png,/mnt/v/input/datasets/aic3/data/decoded/00010_2592x1946/AVIF_00010_2592x1946_7.png,AVIF,7,1.403578,1.379483,69.577896,72.0801,3.419200
AIC-3,/mnt/v/input/datasets/aic3/data/original/00010_2592x1946.png,/mnt/v/input/datasets/aic3/data/decoded/00010_2592x1946/AVIF_00010_2592x1946_8.png,AVIF,8,1.656401,1.655776,63.258568,67.8731,3.625063
AIC-3,/mnt/v/input/datasets/aic3/data/original/00010_2592x1946.png,/mnt/v/input/datasets/aic3/data/decoded/00010_2592x1946/AVIF_00010_2592x1946_9.png,AVIF,9,1.751870,1.784838,60.953186,66.1265,4.087656
AIC-3,/mnt/v/input/datasets/aic3/data/original/00010_2592x1946.png,/mnt/v/input/datasets/aic3/data/decoded/00010_2592x1946/JPEG-1_00010_2592x1946_1.png,JPEG-1,1,0.199425,0.554458,89.369705,86.0333,1.834388
AIC-3,/mnt/v/input/datasets/aic3/data/original/00010_2592x1946.png,/mnt/v/input/datasets/aic3/data/decoded/00010_2592x1946/JPEG-1_00010_2592x1946_10.png,JPEG-1,10,1.837551,2.425862,48.799126,57.5757,3.938226
AIC-3,/mnt/v/input/datasets/aic3/data/original/00010_2592x1946.png,/mnt/v/input/datasets/aic3/data/decoded/00010_2592x1946/JPEG-1_00010_2592x1946_2.png,JPEG-1,2,0.688632,1.005308,77.263504,78.8564,2.411343
AIC-3,/mnt/v/input/datasets/aic3/data/original/00010_2592x1946.png,/mnt/v/input/datasets/aic3/data/decoded/00010_2592x1946/JPEG-1_00010_2592x1946_3.png,JPEG-1,3,1.022762,1.354760,70.088509,73.4769,2.889874
AIC-3,/mnt/v/input/datasets/aic3/data/original/00010_2592x1946.png,/mnt/v/input/datasets/aic3/data/decoded/00010_2592x1946/JPEG-1_00010_2592x1946_4.png,JPEG-1,4,1.212016,1.582816,65.254967,70.0718,3.405438
AIC-3,/mnt/v/input/datasets/aic3/data/original/00010_2592x1946.png,/mnt/v/input/datasets/aic3/data/decoded/00010_2592x1946/JPEG-1_00010_2592x1946_5.png,JPEG-1,5,1.385515,1.780825,60.431206,66.8400,3.385760
AIC-3,/mnt/v/input/datasets/aic3/data/original/00010_2592x1946.png,/mnt/v/input/datasets/aic3/data/decoded/00010_2592x1946/JPEG-1_00010_2592x1946_6.png,JPEG-1,6,1.487115,1.906948,57.496521,64.9650,3.551085
AIC-3,/mnt/v/input/datasets/aic3/data/original/00010_2592x1946.png,/mnt/v/input/datasets/aic3/data/decoded/00010_2592x1946/JPEG-1_00010_2592x1946_7.png,JPEG-1,7,1.574022,2.028958,54.698120,63.1265,3.635359
AIC-3,/mnt/v/input/datasets/aic3/data/original/00010_2592x1946.png,/mnt/v/input/datasets/aic3/data/decoded/00010_2592x1946/JPEG-1_00010_2592x1946_8.png,JPEG-1,8,1.659741,2.162765,52.736370,61.3285,3.615175
AIC-3,/mnt/v/input/datasets/aic3/data/original/00010_2592x1946.png,/mnt/v/input/datasets/aic3/data/decoded/00010_2592x1946/JPEG-1_00010_2592x1946_9.png,JPEG-1,9,1.756803,2.307568,51.006046,59.3801,4.108947
AIC-3,/mnt/v/input/datasets/aic3/data/original/00010_2592x1946.png,/mnt/v/input/datasets/aic3/data/decoded/00010_2592x1946/JPEG-2000_00010_2592x1946_1.png,JPEG-2000,1,0.022692,0.301850,107.701126,90.5285,1.353626
AIC-3,/mnt/v/input/datasets/aic3/data/original/00010_2592x1946.png,/mnt/v/input/datasets/aic3/data/decoded/00010_2592x1946/JPEG-2000_00010_2592x1946_10.png,JPEG-2000,10,1.817118,1.757326,60.059189,66.0527,3.652722
AIC-3,/mnt/v/input/datasets/aic3/data/original/00010_2592x1946.png,/mnt/v/input/datasets/aic3/data/decoded/00010_2592x1946/JPEG-2000_00010_2592x1946_2.png,JPEG-2000,2,0.173643,0.516150,98.210838,86.5761,1.829094
AIC-3,/mnt/v/input/datasets/aic3/data/original/00010_2592x1946.png,/mnt/v/input/datasets/aic3/data/decoded/00010_2592x1946/JPEG-2000_00010_2592x1946_3.png,JPEG-2000,3,0.357089,0.680041,91.097275,83.6116,2.097277
AIC-3,/mnt/v/input/datasets/aic3/data/original/00010_2592x1946.png,/mnt/v/input/datasets/aic3/data/decoded/00010_2592x1946/JPEG-2000_00010_2592x1946_4.png,JPEG-2000,4,0.554961,0.828599,84.152390,80.9090,2.359959
AIC-3,/mnt/v/input/datasets/aic3/data/original/00010_2592x1946.png,/mnt/v/input/datasets/aic3/data/decoded/00010_2592x1946/JPEG-2000_00010_2592x1946_5.png,JPEG-2000,5,0.754508,0.970236,78.780273,78.3930,2.441303
AIC-3,/mnt/v/input/datasets/aic3/data/original/00010_2592x1946.png,/mnt/v/input/datasets/aic3/data/decoded/00010_2592x1946/JPEG-2000_00010_2592x1946_6.png,JPEG-2000,6,0.916345,1.087356,75.831665,76.4221,2.785309
AIC-3,/mnt/v/input/datasets/aic3/data/original/00010_2592x1946.png,/mnt/v/input/datasets/aic3/data/decoded/00010_2592x1946/JPEG-2000_00010_2592x1946_7.png,JPEG-2000,7,1.154203,1.253393,71.268669,73.6339,2.888416
AIC-3,/mnt/v/input/datasets/aic3/data/original/00010_2592x1946.png,/mnt/v/input/datasets/aic3/data/decoded/00010_2592x1946/JPEG-2000_00010_2592x1946_8.png,JPEG-2000,8,1.411709,1.449743,67.079460,70.6566,3.341469
AIC-3,/mnt/v/input/datasets/aic3/data/original/00010_2592x1946.png,/mnt/v/input/datasets/aic3/data/decoded/00010_2592x1946/JPEG-2000_00010_2592x1946_9.png,JPEG-2000,9,1.614445,1.618237,63.618103,68.2819,3.418299
AIC-3,/mnt/v/input/datasets/aic3/data/original/00010_2592x1946.png,/mnt/v/input/datasets/aic3/data/decoded/00010_2592x1946/JPEGXL_00010_2592x1946_1.png,JPEGXL,1,0.009708,0.321949,106.240486,90.0181,1.033502
AIC-3,/mnt/v/input/datasets/aic3/data/original/00010_2592x1946.png,/mnt/v/input/datasets/aic3/data/decoded/00010_2592x1946/JPEGXL_00010_2592x1946_10.png,JPEGXL,10,2.321121,2.157508,52.501980,61.9662,3.874434
AIC-3,/mnt/v/input/datasets/aic3/data/original/00010_2592x1946.png,/mnt/v/input/datasets/aic3/data/decoded/00010_2592x1946/JPEGXL_00010_2592x1946_2.png,JPEGXL,2,0.120871,0.563129,94.069420,86.0970,1.462235
AIC-3,/mnt/v/input/datasets/aic3/data/original/00010_2592x1946.png,/mnt/v/input/datasets/aic3/data/decoded/00010_2592x1946/JPEGXL_00010_2592x1946_3.png,JPEGXL,3,0.410276,0.807419,82.859123,82.0593,1.888910
AIC-3,/mnt/v/input/datasets/aic3/data/original/00010_2592x1946.png,/mnt/v/input/datasets/aic3/data/decoded/00010_2592x1946/JPEGXL_00010_2592x1946_4.png,JPEGXL,4,0.709986,1.037917,75.693230,78.5457,2.238589
AIC-3,/mnt/v/input/datasets/aic3/data/original/00010_2592x1946.png,/mnt/v/input/datasets/aic3/data/decoded/00010_2592x1946/JPEGXL_00010_2592x1946_5.png,JPEGXL,5,1.001232,1.191549,72.319069,76.3611,2.569689
AIC-3,/mnt/v/input/datasets/aic3/data/original/00010_2592x1946.png,/mnt/v/input/datasets/aic3/data/decoded/00010_2592x1946/JPEGXL_00010_2592x1946_6.png,JPEGXL,6,1.282133,1.375459,67.817024,73.5284,2.919571
AIC-3,/mnt/v/input/datasets/aic3/data/original/00010_2592x1946.png,/mnt/v/input/datasets/aic3/data/decoded/00010_2592x1946/JPEGXL_00010_2592x1946_7.png,JPEGXL,7,1.566121,1.553986,64.211052,71.0190,3.074344
AIC-3,/mnt/v/input/datasets/aic3/data/original/00010_2592x1946.png,/mnt/v/input/datasets/aic3/data/decoded/00010_2592x1946/JPEGXL_00010_2592x1946_8.png,JPEGXL,8,1.813573,1.712388,60.492462,68.2937,3.249114
AIC-3,/mnt/v/input/datasets/aic3/data/original/00010_2592x1946.png,/mnt/v/input/datasets/aic3/data/decoded/00010_2592x1946/JPEGXL_00010_2592x1946_9.png,JPEGXL,9,2.015582,1.869579,56.993088,66.2564,3.601005
AIC-3,/mnt/v/input/datasets/aic3/data/original/00010_2592x1946.png,/mnt/v/input/datasets/aic3/data/decoded/00010_2592x1946/VVC_00010_2592x1946_1.png,VVC,1,0.000998,0.185686,112.213058,92.6462,1.134635
AIC-3,/mnt/v/input/datasets/aic3/data/original/00010_2592x1946.png,/mnt/v/input/datasets/aic3/data/decoded/00010_2592x1946/VVC_00010_2592x1946_10.png,VVC,10,1.890554,1.960865,55.770561,62.6652,4.605613
AIC-3,/mnt/v/input/datasets/aic3/data/original/00010_2592x1946.png,/mnt/v/input/datasets/aic3/data/decoded/00010_2592x1946/VVC_00010_2592x1946_2.png,VVC,2,0.055787,0.334215,106.373672,89.9996,1.608091
AIC-3,/mnt/v/input/datasets/aic3/data/original/00010_2592x1946.png,/mnt/v/input/datasets/aic3/data/decoded/00010_2592x1946/VVC_00010_2592x1946_3.png,VVC,3,0.273578,0.518469,98.246033,86.6365,1.732894
AIC-3,/mnt/v/input/datasets/aic3/data/original/00010_2592x1946.png,/mnt/v/input/datasets/aic3/data/decoded/00010_2592x1946/VVC_00010_2592x1946_4.png,VVC,4,0.479663,0.656188,91.931976,84.1549,1.999744
AIC-3,/mnt/v/input/datasets/aic3/data/original/00010_2592x1946.png,/mnt/v/input/datasets/aic3/data/decoded/00010_2592x1946/VVC_00010_2592x1946_5.png,VVC,5,0.747041,0.827305,84.171402,81.1117,2.628457
AIC-3,/mnt/v/input/datasets/aic3/data/original/00010_2592x1946.png,/mnt/v/input/datasets/aic3/data/decoded/00010_2592x1946/VVC_00010_2592x1946_6.png,VVC,6,1.057909,1.054789,76.883156,77.1875,3.005727
AIC-3,/mnt/v/input/datasets/aic3/data/original/00010_2592x1946.png,/mnt/v/input/datasets/aic3/data/decoded/00010_2592x1946/VVC_00010_2592x1946_7.png,VVC,7,1.396816,1.358981,69.370750,72.1420,3.516036
AIC-3,/mnt/v/input/datasets/aic3/data/original/00010_2592x1946.png,/mnt/v/input/datasets/aic3/data/decoded/00010_2592x1946/VVC_00010_2592x1946_8.png,VVC,8,1.561189,1.532039,65.037025,69.3057,3.645321
AIC-3,/mnt/v/input/datasets/aic3/data/original/00010_2592x1946.png,/mnt/v/input/datasets/aic3/data/decoded/00010_2592x1946/VVC_00010_2592x1946_9.png,VVC,9,1.731313,1.726104,60.579689,66.1803,4.051818
