feat_idx	best_transform	params_csv	baseline_pearson	transformed_pearson	lift	baseline_spearman	n_samples
0	winsor_p99	0.000183089,0.0227467	0.303663	0.424847	0.121184	0.390083	196086
1	winsor_p99	0.000449114,0.0580135	0.391653	0.472696	0.081043	0.447607	196086
2	winsor_p99	0.000315823,0.0346207	0.346844	0.452551	0.105707	0.422847	196086
3	winsor_p99	1.77676e-08,0.00148502	0.221012	0.232162	0.011150	0.196090	196086
4	winsor_p99	0.000567932,0.00420548	0.312733	0.332127	0.019394	0.312635	196086
5	winsor_p99	7.50536e-08,0.00396546	0.277334	0.290160	0.012826	0.271157	196086
6	winsor_p99	5.37885e-08,0.00160073	0.261663	0.316345	0.054682	0.309362	196086
7	quantile_bins	2.22239e-07,2.92553e-07,0.00190626,0.00311499,0.00443657,0.00603385,0.0099222	0.260450	0.315195	0.054745	0.310375	196086
8	quantile_bins	7.56627e-08,1.38643e-07,0.000974378,0.00153264,0.0022095,0.00306822,0.00482477	0.253513	0.306978	0.053465	0.301210	196086
9	winsor_p99	2.60332e-07,4.73563e-05	0.151347	0.488622	0.337276	0.469534	196086
10	clip_then_log1p	0.144186	0.303432	0.314132	0.010700	0.208582	196086
11	log1p		0.384100	0.387207	0.003107	0.336937	196086
12	winsor_p99	0,0.475834	0.008322	0.168857	0.160535	0.084962	196086
13	signed_cbrt		0.597594	0.853744	0.256150	0.930545	196086
14	signed_cbrt		0.662826	0.874014	0.211188	0.937239	196086
15	signed_cbrt		0.628360	0.865406	0.237046	0.937861	196086
16	signed_cbrt		0.515795	0.667502	0.151707	0.581240	196086
17	signed_cbrt		0.646394	0.788235	0.141841	0.767283	196086
18	signed_cbrt		0.598967	0.746801	0.147834	0.698744	196086
19	signed_cbrt		0.595848	0.810911	0.215063	0.824643	196086
20	signed_cbrt		0.655288	0.815245	0.159956	0.822150	196086
21	signed_cbrt		0.627365	0.811540	0.184175	0.820288	196086
22	quantile_bins	1.22458e-05,3.799e-05,7.48728e-05,0.000125484,0.000201264,0.000337556,0.000675993	0.226108	0.766981	0.540873	0.826664	196086
23	signed_cbrt		0.569288	0.790122	0.220834	0.867802	196086
24	signed_cbrt		0.566362	0.801561	0.235199	0.872384	196086
25	winsor_p99	0,0.000665004	0.025930	0.382053	0.356122	0.111060	196086
26	winsor_p99	0.000245686,0.020441	0.267967	0.414194	0.146227	0.388610	196086
27	winsor_p99	0.000545379,0.0550996	0.367872	0.462128	0.094256	0.440659	196086
28	winsor_p99	0.000386282,0.0314913	0.315615	0.443236	0.127621	0.419715	196086
29	winsor_p99	2.6458e-12,0.00178077	0.217712	0.226919	0.009207	0.191914	196086
30	winsor_p99	0.000589373,0.00369316	0.302061	0.324622	0.022561	0.311337	196086
31	winsor_p99	1.5083e-09,0.00300151	0.272279	0.285327	0.013048	0.272340	196086
32	winsor_p99	1.35861e-08,0.00138569	0.205612	0.289957	0.084345	0.265290	196086
33	winsor_p99	7.15651e-08,0.00539477	0.223862	0.289935	0.066073	0.269218	196086
34	winsor_p99	4.06096e-08,0.00272223	0.211018	0.277375	0.066357	0.257069	196086
35	winsor_p99	3.08922e-07,4.05877e-05	0.132569	0.485114	0.352545	0.465212	196086
36	clip_then_log1p	0.193987	0.263137	0.277475	0.014339	0.173680	196086
37	quantile_bins	0,0,0.0652126,0.151595,0.247516,0.362599,0.514415	0.366798	0.371926	0.005128	0.320854	196086
38	winsor_p99	0,0.201573	0.034702	0.176839	0.142137	0.100629	196086
39	winsor_p99	8.76262e-05,0.021803	0.378634	0.493010	0.114376	0.467284	196086
40	yeo_johnson	-23.1646	0.430027	0.523299	0.093272	0.505571	196086
41	yeo_johnson	-32.202	0.405741	0.510139	0.104398	0.489602	196086
42	winsor_p99	2.71e-08,0.00149488	0.332551	0.367960	0.035409	0.346431	196086
43	winsor_p99	0.000344165,0.00460964	0.397857	0.430972	0.033115	0.420021	196086
44	winsor_p99	6.72165e-08,0.00345598	0.374982	0.407215	0.032233	0.394991	196086
45	winsor_p99	1.2099e-08,0.00281261	0.342661	0.381086	0.038425	0.365983	196086
46	winsor_p99	9.72063e-08,0.0104048	0.371101	0.404716	0.033615	0.402042	196086
47	winsor_p99	4.36423e-08,0.00534073	0.353663	0.388848	0.035185	0.378168	196086
48	winsor_p99	9.27093e-08,4.01371e-05	0.145958	0.518565	0.372607	0.502246	196086
49	clip_then_log1p	0.0496484	0.301230	0.307822	0.006592	0.187348	196086
50	winsor_p99	0,0.340435	0.336856	0.349564	0.012708	0.253462	196086
51	winsor_p99	0,0.494313	0.007362	0.203622	0.196260	0.108290	196086
52	quantile_bins	0.000910569,0.00299419,0.00611756,0.010684,0.0176539,0.028842,0.0516704	0.564342	0.863993	0.299651	0.977591	196086
53	quantile_bins	0.00172366,0.00545257,0.0109543,0.0191365,0.0310601,0.0494789,0.0866421	0.600859	0.863945	0.263086	0.977053	196086
54	quantile_bins	0.00127149,0.00401064,0.00805575,0.0139627,0.0228713,0.0368363,0.064599	0.584548	0.865172	0.280624	0.979087	196086
55	signed_cbrt		0.655590	0.823224	0.167634	0.819463	196086
56	signed_cbrt		0.682577	0.852499	0.169922	0.891518	196086
57	signed_cbrt		0.681191	0.849229	0.168038	0.870367	196086
58	signed_cbrt		0.645684	0.857593	0.211909	0.909747	196086
59	signed_cbrt		0.678264	0.860007	0.181743	0.914473	196086
60	signed_cbrt		0.666292	0.861356	0.195064	0.913633	196086
61	quantile_bins	4.06674e-06,1.28029e-05,2.75328e-05,5.02561e-05,8.44187e-05,0.000146296,0.000303904	0.148072	0.824655	0.676583	0.916049	196086
62	quantile_bins	0,0.00240601,0.00682577,0.0131343,0.0234307,0.042494,0.0911718	0.468180	0.716922	0.248742	0.818645	196086
63	quantile_bins	0,0.00259934,0.0066036,0.0128713,0.0227071,0.0396506,0.082043	0.464957	0.732098	0.267141	0.836669	196086
64	winsor_p99	0,0.00109077	0.025209	0.375906	0.350697	0.231627	196086
65	winsor_p99	0.000132213,0.0209553	0.365984	0.484654	0.118670	0.461605	196086
66	yeo_johnson	-23.4099	0.425296	0.513401	0.088105	0.497431	196086
67	winsor_p99	0.000220013,0.0284201	0.396675	0.501480	0.104805	0.482889	196086
68	winsor_p99	2.01945e-11,0.00178116	0.349995	0.371001	0.021006	0.350706	196086
69	winsor_p99	0.000339801,0.00421487	0.398520	0.424715	0.026195	0.412969	196086
70	winsor_p99	1.55157e-09,0.00390363	0.385444	0.406959	0.021516	0.396163	196086
71	winsor_p99	1.17509e-08,0.00151589	0.295720	0.355315	0.059595	0.327434	196086
72	winsor_p99	6.89279e-08,0.00580319	0.340252	0.383028	0.042776	0.361162	196086
73	winsor_p99	3.76897e-08,0.0029786	0.317727	0.364541	0.046814	0.340853	196086
74	winsor_p99	1.10699e-07,3.55237e-05	0.129124	0.515679	0.386555	0.495875	196086
75	clip_then_log1p	0.0782803	0.264950	0.272750	0.007801	0.153063	196086
76	winsor_p99	0,0.408744	0.304586	0.316677	0.012091	0.224883	196086
77	winsor_p99	0,0.305504	0.036860	0.214751	0.177891	0.124538	196086
78	yeo_johnson	-53.0074	0.409713	0.543828	0.134115	0.525482	196086
79	yeo_johnson	-34.3261	0.420084	0.558115	0.138031	0.548159	196086
80	yeo_johnson	-43.6428	0.416030	0.552470	0.136439	0.538808	196086
81	winsor_p99	2.05909e-08,0.0017667	0.393607	0.459554	0.065946	0.444939	196086
82	winsor_p99	0.00021315,0.0044644	0.454611	0.504164	0.049553	0.501900	196086
83	winsor_p99	5.30382e-08,0.00368077	0.432400	0.488270	0.055870	0.480511	196086
84	winsor_p99	4.4726e-09,0.0023953	0.420747	0.453090	0.032343	0.439611	196086
85	winsor_p99	6.05012e-08,0.00839166	0.451811	0.479607	0.027796	0.478488	196086
86	winsor_p99	2.44689e-08,0.00449487	0.435662	0.464636	0.028974	0.456066	196086
87	winsor_p99	3.33399e-08,2.99511e-05	0.133530	0.550351	0.416822	0.539812	196086
88	winsor_p99	0,0.24752	0.262448	0.279582	0.017135	0.145254	196086
89	winsor_p99	0,0.180815	0.274646	0.310980	0.036335	0.175421	196086
90	yeo_johnson	-13.4399	0.007842	0.229076	0.221234	0.136553	196086
91	quantile_bins	0.000201538,0.000610588,0.00135617,0.00265891,0.00484479,0.00898463,0.018919	0.485283	0.862859	0.377576	0.977438	196086
92	quantile_bins	0.000497081,0.00129045,0.00277219,0.00530631,0.00927792,0.0171626,0.0341719	0.491911	0.859474	0.367563	0.972867	196086
93	quantile_bins	0.000318666,0.000895295,0.0019623,0.00378108,0.00669245,0.0122719,0.0247289	0.491228	0.861283	0.370054	0.975393	196086
94	signed_cbrt		0.664616	0.861189	0.196573	0.930229	196086
95	signed_cbrt		0.646680	0.850855	0.204175	0.940788	196086
96	signed_cbrt		0.661634	0.862414	0.200780	0.942433	196086
97	signed_cbrt		0.643732	0.858517	0.214786	0.941867	196086
98	signed_cbrt		0.647868	0.850544	0.202677	0.941287	196086
99	signed_cbrt		0.651976	0.859179	0.207203	0.945020	196086
100	quantile_bins	1.3345e-06,3.68021e-06,7.28598e-06,1.35482e-05,2.4931e-05,4.66309e-05,0.000101883	0.076571	0.833520	0.756949	0.936593	196086
101	quantile_bins	0,0,0.000567857,0.00274992,0.00574029,0.0114609,0.0281319	0.353660	0.523532	0.169872	0.531560	196086
102	quantile_bins	0,0,0.000244794,0.00154734,0.00351294,0.00773326,0.0228407	0.338603	0.528811	0.190208	0.535398	196086
103	winsor_p99	0,0.000827993	0.023734	0.227520	0.203787	0.178956	196086
104	yeo_johnson	-54.6333	0.434058	0.537929	0.103872	0.521298	196086
105	yeo_johnson	-35.2803	0.444674	0.554096	0.109422	0.542679	196086
106	yeo_johnson	-45.2321	0.440202	0.547653	0.107450	0.534128	196086
107	winsor_p99	1.80183e-10,0.00166179	0.425703	0.473464	0.047761	0.456666	196086
108	winsor_p99	2.35174e-08,0.00648795	0.466657	0.506823	0.040166	0.496401	196086
109	winsor_p99	4.63948e-09,0.00343986	0.454757	0.495840	0.041083	0.484209	196086
110	winsor_p99	1.54359e-11,0.00223217	0.394208	0.428354	0.034146	0.403539	196086
111	winsor_p99	1.27164e-08,0.00789528	0.435555	0.461393	0.025838	0.444143	196086
112	winsor_p99	1.3565e-09,0.00420773	0.416596	0.444726	0.028131	0.424191	196086
113	winsor_p99	4.34423e-08,2.81192e-05	0.118746	0.547375	0.428629	0.534154	196086
114	winsor_p99	0,0.30259	0.230200	0.242023	0.011823	0.112331	196086
115	winsor_p99	0,0.243055	0.238851	0.271567	0.032716	0.156157	196086
116	winsor_p99	0,0.34452	0.033456	0.245789	0.212333	0.155496	196086
117	winsor_p99	3.10998e-05,0.0102527	0.376920	0.573149	0.196230	0.569880	196086
118	winsor_p99	0.000102711,0.0137406	0.365734	0.579278	0.213544	0.580486	196086
119	winsor_p99	5.95389e-05,0.0116069	0.371683	0.576852	0.205169	0.576616	196086
120	winsor_p99	2.45938e-05,0.00110625	0.412255	0.524630	0.112375	0.511907	196086
121	winsor_p99	0.000113193,0.00354984	0.463341	0.559255	0.095914	0.561352	196086
122	winsor_p99	5.82171e-05,0.00210518	0.447803	0.546665	0.098862	0.540723	196086
123	winsor_p99	4.1085e-09,0.00179724	0.478085	0.519151	0.041065	0.519781	196086
124	winsor_p99	5.19894e-08,0.00589711	0.498293	0.536618	0.038326	0.546946	196086
125	winsor_p99	2.22506e-08,0.00335392	0.491618	0.529587	0.037969	0.534791	196086
126	winsor_p99	1.06445e-08,1.83788e-05	0.116791	0.571473	0.454682	0.569851	196086
127	winsor_p99	0,0.180511	0.197372	0.237006	0.039633	0.078865	196086
128	winsor_p99	0,0.0710299	0.202726	0.261561	0.058836	0.108624	196086
129	yeo_johnson	-10.0473	0.006433	0.260930	0.254497	0.167244	196086
130	quantile_bins	4.09135e-05,0.00011408,0.000270742,0.00058602,0.00118752,0.00246385,0.00623008	0.350871	0.831301	0.480431	0.942450	196086
131	quantile_bins	0.00016041,0.000349959,0.000718965,0.00150355,0.00279119,0.00548921,0.0132829	0.342374	0.811580	0.469206	0.924517	196086
132	quantile_bins	8.21027e-05,0.000201344,0.00044627,0.000947543,0.0018276,0.00365261,0.00894049	0.340608	0.820369	0.479761	0.932476	196086
133	signed_cbrt		0.595906	0.824884	0.228977	0.933733	196086
134	quantile_bins	0.000492613,0.000809686,0.00119416,0.0018013,0.00248008,0.00364083,0.00565697	0.570508	0.827935	0.257426	0.932971	196086
135	quantile_bins	0.000307718,0.000509627,0.000770168,0.00117245,0.00160609,0.00233127,0.00358277	0.588987	0.831679	0.242692	0.939200	196086
136	signed_cbrt		0.629744	0.838435	0.208690	0.937335	196086
137	quantile_bins	0.000474243,0.000788964,0.00119833,0.00182005,0.00256624,0.00376224,0.00589214	0.619993	0.830704	0.210711	0.931307	196086
138	quantile_bins	0.000282197,0.000489767,0.000758071,0.00118353,0.00167185,0.00244565,0.0038165	0.631388	0.837363	0.205975	0.939128	196086
139	quantile_bins	3.99699e-07,1.15447e-06,2.96531e-06,4.57958e-06,7.77206e-06,1.60674e-05,4.05067e-05	0.046336	0.792760	0.746424	0.898309	196086
140	yeo_johnson	-120.678	0.282704	0.403731	0.121027	0.338609	196086
141	yeo_johnson	-112.72	0.241665	0.393611	0.151946	0.293565	196086
142	winsor_p99	0,0.0512747	0.025587	0.162859	0.137272	0.066958	196086
143	yeo_johnson	-81.1284	0.418068	0.573240	0.155173	0.566977	196086
144	yeo_johnson	-58.9081	0.398908	0.576917	0.178009	0.578421	196086
145	yeo_johnson	-70.6445	0.408189	0.576072	0.167883	0.573936	196086
146	winsor_p99	2.09072e-10,0.00180784	0.456543	0.534932	0.078390	0.524563	196086
147	winsor_p99	2.43953e-08,0.00563508	0.489598	0.560882	0.071283	0.556968	196086
148	winsor_p99	4.99233e-09,0.00335571	0.480458	0.551472	0.071014	0.545029	196086
149	winsor_p99	1.79803e-11,0.0017153	0.466521	0.495214	0.028693	0.478945	196086
150	winsor_p99	1.32109e-08,0.00575027	0.496059	0.522551	0.026492	0.514394	196086
151	winsor_p99	1.46404e-09,0.00322501	0.485410	0.511514	0.026104	0.500054	196086
152	winsor_p99	1.52132e-08,1.77914e-05	0.104123	0.571458	0.467334	0.567752	196086
153	winsor_p99	0,0.188885	0.161082	0.180377	0.019294	0.018078	196086
154	winsor_p99	0,0.102393	0.163214	0.196478	0.033264	0.050763	196086
155	yeo_johnson	-12.9537	0.027965	0.294411	0.266446	0.217994	196086
156	yeo_johnson	-3.77245	0.456536	0.489921	0.033385	0.466591	196086
157	winsor_p99	0.00240973,0.0381787	0.316144	0.348111	0.031967	0.322486	196086
158	winsor_p99	1.07288e-06,0.0462017	0.285931	0.324192	0.038260	0.305258	196086
159	yeo_johnson	-10.4525	0.428571	0.485641	0.057071	0.461960	196086
160	winsor_p99	0.000939206,0.00952507	0.325469	0.355623	0.030155	0.327393	196086
161	quantile_bins	0,0,0.00359468,0.00620036,0.00861055,0.0122327,0.0202031	0.277631	0.348478	0.070847	0.298650	196086
162	signed_cbrt		0.728147	0.877214	0.149068	0.910057	196086
163	signed_cbrt		0.653724	0.806448	0.152723	0.801383	196086
164	signed_cbrt		0.709922	0.837257	0.127336	0.822068	196086
165	signed_cbrt		0.696413	0.877863	0.181451	0.928251	196086
166	signed_cbrt		0.659885	0.805216	0.145331	0.799484	196086
167	signed_cbrt		0.684494	0.828178	0.143684	0.827208	196086
168	yeo_johnson	-3.63908	0.438911	0.473916	0.035005	0.453427	196086
169	winsor_p99	0.00296918,0.0326748	0.306446	0.334701	0.028255	0.309190	196086
170	winsor_p99	2.38419e-07,0.0411765	0.253666	0.301869	0.048202	0.271596	196086
171	winsor_p99	0.000751051,0.0988146	0.408757	0.470186	0.061430	0.450594	196086
172	winsor_p99	0.000926919,0.0081779	0.313785	0.343316	0.029532	0.323690	196086
173	quantile_bins	0,0,0.00397644,0.00600136,0.00798609,0.0109468,0.0174506	0.243205	0.328454	0.085250	0.276863	196086
174	yeo_johnson	-7.05511	0.471185	0.534048	0.062862	0.516608	196086
175	winsor_p99	0.00171256,0.0322284	0.388013	0.425981	0.037969	0.399655	196086
176	winsor_p99	7.15256e-07,0.0680595	0.385918	0.412853	0.026935	0.408442	196086
177	yeo_johnson	-16.2007	0.451501	0.530942	0.079441	0.514308	196086
178	winsor_p99	0.000632975,0.00930704	0.400413	0.436486	0.036073	0.409670	196086
179	quantile_bins	0,0,0.00305453,0.00595892,0.00864748,0.0119412,0.0182185	0.384425	0.435953	0.051528	0.391258	196086
180	quantile_bins	0.00480394,0.0167343,0.0359363,0.064808,0.105426,0.168591,0.295854	0.630283	0.851997	0.221714	0.959253	196086
181	signed_cbrt		0.643181	0.830691	0.187510	0.889245	196086
182	signed_cbrt		0.685372	0.849308	0.163936	0.902859	196086
183	quantile_bins	0.00222189,0.00730799,0.0150852,0.0268004,0.0430695,0.0685929,0.122089	0.613085	0.859786	0.246701	0.970775	196086
184	signed_cbrt		0.664539	0.843423	0.178883	0.895816	196086
185	signed_cbrt		0.685636	0.856186	0.170550	0.911131	196086
186	yeo_johnson	-6.69053	0.461916	0.521312	0.059396	0.502494	196086
187	winsor_p99	0.00158417,0.0290642	0.381618	0.413182	0.031564	0.383173	196086
188	winsor_p99	2.38419e-07,0.037311	0.357094	0.393185	0.036091	0.365332	196086
189	yeo_johnson	-15.8278	0.446559	0.519564	0.073004	0.503341	196086
190	winsor_p99	0.000592955,0.00851783	0.395182	0.428120	0.032938	0.405273	196086
191	quantile_bins	0,0,0.00334389,0.00603934,0.00838425,0.0111261,0.0166111	0.354744	0.418275	0.063531	0.368265	196086
192	yeo_johnson	-13.5073	0.446032	0.563346	0.117314	0.556247	196086
193	winsor_p99	0.00128424,0.0234715	0.461365	0.502476	0.041111	0.494476	196086
194	winsor_p99	2.38419e-07,0.0456891	0.461632	0.489605	0.027973	0.491022	196086
195	yeo_johnson	-26.3801	0.427304	0.561226	0.133922	0.554117	196086
196	winsor_p99	0.000419739,0.00804193	0.464332	0.508232	0.043900	0.491959	196086
197	quantile_bins	0,0,0.00222899,0.00449262,0.00678423,0.0095282,0.014034	0.461533	0.506599	0.045066	0.468354	196086
198	quantile_bins	0.00165617,0.00363608,0.00758889,0.0147651,0.0260656,0.0485679,0.0989467	0.508432	0.852031	0.343598	0.964619	196086
199	quantile_bins	0.00384529,0.00718343,0.0106818,0.0153083,0.0218275,0.0309048,0.046067	0.616225	0.823436	0.207211	0.918928	196086
200	signed_cbrt		0.631583	0.826524	0.194941	0.919433	196086
201	quantile_bins	0.000724421,0.00175003,0.00369485,0.00713717,0.0124391,0.0232776,0.0470075	0.494560	0.856606	0.362046	0.969656	196086
202	signed_cbrt		0.629398	0.833835	0.204437	0.931372	196086
203	signed_cbrt		0.639860	0.838093	0.198233	0.931907	196086
204	yeo_johnson	-13.0332	0.461121	0.556586	0.095465	0.544569	196086
205	winsor_p99	0.00126794,0.0231427	0.459708	0.498081	0.038373	0.476946	196086
206	winsor_p99	1.19209e-07,0.0435379	0.442503	0.469826	0.027323	0.451575	196086
207	yeo_johnson	-26.5205	0.450799	0.556607	0.105808	0.545794	196086
208	winsor_p99	0.000426231,0.00790632	0.466890	0.506819	0.039929	0.492504	196086
209	quantile_bins	0,0,0.0023489,0.00472665,0.00690919,0.00940447,0.0133449	0.443949	0.490183	0.046234	0.448748	196086
210	winsor_p99	0.000369564,0.029927	0.374734	0.579399	0.204665	0.582052	196086
211	winsor_p99	0.00053516,0.0133188	0.476825	0.556455	0.079630	0.563713	196086
212	winsor_p99	1.19209e-07,0.0250637	0.493164	0.534934	0.041771	0.548656	196086
213	winsor_p99	0.000164455,0.0167191	0.364052	0.579987	0.215935	0.581814	196086
214	winsor_p99	0.000196489,0.00558027	0.471088	0.561255	0.090167	0.554754	196086
215	quantile_bins	0,0,0.00119889,0.00229749,0.00366844,0.00563379,0.00893504	0.498067	0.559859	0.061792	0.532374	196086
216	quantile_bins	0.000650108,0.00119478,0.00215106,0.00424388,0.00759375,0.0152193,0.0370938	0.374163	0.796650	0.422487	0.913999	196086
217	quantile_bins	0.00184257,0.00293413,0.00414275,0.00589788,0.00847377,0.0121585,0.0197843	0.554177	0.809340	0.255163	0.905214	196086
218	quantile_bins	0.00180656,0.00297005,0.00430793,0.00617638,0.00883879,0.0125488,0.0208303	0.587688	0.808112	0.220424	0.900621	196086
219	quantile_bins	0.000274287,0.000543574,0.00105004,0.00215531,0.00390219,0.00770522,0.0187329	0.351459	0.804524	0.453065	0.919491	196086
220	quantile_bins	0.00076037,0.00123831,0.00177612,0.00259922,0.00365166,0.00530986,0.00831885	0.555112	0.818710	0.263598	0.920420	196086
221	quantile_bins	0.000739503,0.00122509,0.00181366,0.00265638,0.0038118,0.00544693,0.0086654	0.603359	0.818852	0.215494	0.916698	196086
222	yeo_johnson	-27.123	0.407525	0.574932	0.167407	0.579716	196086
223	winsor_p99	0.00057596,0.0141965	0.492665	0.551791	0.059127	0.547427	196086
224	winsor_p99	1.19209e-07,0.0253865	0.494577	0.525187	0.030611	0.517917	196086
225	yeo_johnson	-47.7274	0.396171	0.576113	0.179942	0.580206	196086
226	winsor_p99	0,0.00922867	0.492766	0.560294	0.067528	0.556136	196086
227	quantile_bins	0,0,0.00131892,0.00264884,0.00424694,0.00609049,0.00898368	0.498402	0.546313	0.047911	0.515560	196086
228	winsor_p99	0.000165238,0.0201809	0.309540	0.425480	0.115941	0.390927	196086
229	winsor_p99	0.000419607,0.0524345	0.399110	0.474569	0.075459	0.450033	196086
230	winsor_p99	0.000288978,0.0309251	0.353359	0.453665	0.100306	0.424276	196086
231	winsor_p99	0.000526474,0.00373068	0.316354	0.330252	0.013897	0.312365	196086
232	quantile_bins	2.08975e-07,2.74761e-07,0.00176249,0.0028534,0.00403979,0.00540604,0.00867095	0.272514	0.318526	0.046012	0.314537	196086
233	winsor_p99	2.334e-07,4.18141e-05	0.150532	0.490826	0.340295	0.471957	196086
234	signed_cbrt		0.607636	0.856593	0.248957	0.931177	196086
235	signed_cbrt		0.674346	0.878449	0.204102	0.940483	196086
236	signed_cbrt		0.639656	0.869169	0.229513	0.939446	196086
237	signed_cbrt		0.701913	0.826228	0.124315	0.807535	196086
238	signed_cbrt		0.708388	0.851112	0.142724	0.863579	196086
239	quantile_bins	1.02262e-05,3.12142e-05,6.0715e-05,0.000100487,0.000158285,0.000261944,0.0005127	0.209119	0.780059	0.570939	0.846917	196086
240	winsor_p99	0.000222551,0.0179899	0.275760	0.414527	0.138768	0.388875	196086
241	winsor_p99	0.000510759,0.0499126	0.376506	0.463286	0.086780	0.442141	196086
242	winsor_p99	0.000354165,0.0280015	0.323322	0.443896	0.120574	0.420370	196086
243	winsor_p99	0.000547174,0.00326189	0.304275	0.321945	0.017670	0.311008	196086
244	winsor_p99	6.77645e-08,0.00488224	0.234634	0.292123	0.057489	0.273236	196086
245	winsor_p99	2.73636e-07,3.57421e-05	0.129519	0.487398	0.357879	0.467829	196086
246	winsor_p99	7.93123e-05,0.0194237	0.383679	0.494165	0.110486	0.468717	196086
247	yeo_johnson	-25.4131	0.433457	0.525003	0.091547	0.507476	196086
248	yeo_johnson	-35.8672	0.410091	0.511642	0.101551	0.491246	196086
249	winsor_p99	0.000319438,0.00414577	0.406532	0.434759	0.028227	0.427024	196086
250	winsor_p99	9.15024e-08,0.00906538	0.382277	0.409665	0.027388	0.406966	196086
251	winsor_p99	8.30108e-08,3.55184e-05	0.144937	0.520959	0.376021	0.504659	196086
252	quantile_bins	0.000798763,0.00260853,0.00532953,0.00932364,0.0154307,0.025263,0.0452116	0.568650	0.862491	0.293840	0.975332	196086
253	quantile_bins	0.0015846,0.00493619,0.00986956,0.0172333,0.0280462,0.0446653,0.0776058	0.608175	0.863881	0.255706	0.977089	196086
254	quantile_bins	0.00114306,0.00358357,0.00716744,0.0124312,0.020428,0.0328162,0.0573096	0.591115	0.864390	0.273275	0.977908	196086
255	signed_cbrt		0.721543	0.879557	0.158014	0.922037	196086
256	signed_cbrt		0.713470	0.884015	0.170545	0.944016	196086
257	quantile_bins	3.35155e-06,1.02892e-05,2.17839e-05,3.94393e-05,6.60013e-05,0.000113125,0.00023473	0.134531	0.834818	0.700286	0.931839	196086
258	winsor_p99	0.000119389,0.0185799	0.372597	0.485757	0.113160	0.462968	196086
259	yeo_johnson	-25.7458	0.430889	0.515307	0.084418	0.499432	196086
260	winsor_p99	0.000202358,0.0254471	0.402626	0.502754	0.100127	0.484531	196086
261	winsor_p99	1.34044e-08,0.00695392	0.406757	0.428999	0.022242	0.419957	196086
262	winsor_p99	6.54751e-08,0.00523929	0.348899	0.384829	0.035930	0.365155	196086
263	winsor_p99	9.90543e-08,3.14056e-05	0.125005	0.517722	0.392717	0.498213	196086
264	yeo_johnson	-59.1677	0.412078	0.544552	0.132473	0.526243	196086
265	yeo_johnson	-37.2344	0.420106	0.558888	0.138782	0.549002	196086
266	yeo_johnson	-48.1408	0.417278	0.553195	0.135917	0.539609	196086
267	winsor_p99	8.77268e-08,0.00620889	0.457824	0.507675	0.049851	0.506771	196086
268	winsor_p99	5.74828e-08,0.00740547	0.462547	0.484013	0.021466	0.483717	196086
269	winsor_p99	2.9936e-08,2.674e-05	0.133681	0.551909	0.418227	0.541407	196086
270	quantile_bins	0.000175314,0.000532078,0.00118478,0.00231849,0.00423948,0.00786712,0.0166218	0.484397	0.861033	0.376637	0.974933	196086
271	quantile_bins	0.000457722,0.00118584,0.00254793,0.00485953,0.00850283,0.0156849,0.031173	0.493405	0.859026	0.365620	0.972467	196086
272	quantile_bins	0.000287125,0.000806249,0.00176706,0.00339925,0.00602471,0.0110405,0.0222508	0.492271	0.860204	0.367933	0.973965	196086
273	signed_cbrt		0.665641	0.870302	0.204661	0.961803	196086
274	signed_cbrt		0.672839	0.869119	0.196280	0.963230	196086
275	quantile_bins	1.07035e-06,2.93741e-06,5.76502e-06,1.07213e-05,1.94452e-05,3.66702e-05,8.06205e-05	0.071177	0.841212	0.770035	0.948614	196086
276	yeo_johnson	-61.3478	0.436539	0.538818	0.102279	0.522266	196086
277	yeo_johnson	-38.4327	0.445228	0.555166	0.109939	0.543828	196086
278	yeo_johnson	-50.1538	0.441471	0.548566	0.107095	0.535138	196086
279	winsor_p99	2.26448e-08,0.00583143	0.469329	0.510412	0.041083	0.501547	196086
280	winsor_p99	1.24659e-08,0.00703707	0.442840	0.465120	0.022280	0.448720	196086
281	winsor_p99	3.91418e-08,2.50148e-05	0.114124	0.548886	0.434762	0.535799	196086
282	winsor_p99	2.88637e-05,0.00936077	0.377181	0.573140	0.195959	0.570143	196086
283	winsor_p99	9.68741e-05,0.0128519	0.365158	0.579562	0.214404	0.580800	196086
284	winsor_p99	5.5543e-05,0.0107064	0.371427	0.577014	0.205587	0.576945	196086
285	winsor_p99	0.000105145,0.00326824	0.463126	0.560801	0.097675	0.563398	196086
286	winsor_p99	4.96693e-08,0.00531557	0.508511	0.540084	0.031573	0.550372	196086
287	winsor_p99	9.6221e-09,1.66516e-05	0.118195	0.571984	0.453790	0.570314	196086
288	quantile_bins	3.49431e-05,9.86549e-05,0.000233468,0.000504216,0.00102824,0.00214765,0.00545056	0.346841	0.828203	0.481361	0.938939	196086
289	quantile_bins	0.000145609,0.000318193,0.000655964,0.0013651,0.002553,0.00501099,0.012131	0.342228	0.810778	0.468550	0.923612	196086
290	quantile_bins	7.29486e-05,0.000180356,0.000397951,0.000844436,0.00163763,0.00327548,0.00803067	0.339228	0.818236	0.479007	0.930232	196086
291	quantile_bins	0.000405795,0.000663256,0.000983363,0.00146231,0.00201809,0.00293123,0.00455274	0.566799	0.838086	0.271287	0.947027	196086
292	quantile_bins	0.000388014,0.000637481,0.000964828,0.00145246,0.0020393,0.00299456,0.00470407	0.636292	0.841857	0.205566	0.947788	196086
293	quantile_bins	3.18433e-07,9.18041e-07,2.32634e-06,3.62206e-06,6.1376e-06,1.27091e-05,3.17604e-05	0.044485	0.798931	0.754446	0.907052	196086
294	yeo_johnson	-89.4837	0.417835	0.573705	0.155869	0.567596	196086
295	yeo_johnson	-63.115	0.397646	0.577562	0.179916	0.579266	196086
296	yeo_johnson	-76.962	0.407103	0.576619	0.169515	0.574680	196086
297	winsor_p99	2.39464e-08,0.00517751	0.488417	0.563212	0.074795	0.559825	196086
298	winsor_p99	1.3161e-08,0.00522544	0.502144	0.525160	0.023016	0.517470	196086
299	winsor_p99	1.36923e-08,1.60945e-05	0.101055	0.572120	0.471066	0.568540	196086
300	winsor_p99	0.000209912,0.0266017	0.297998	0.424393	0.126395	0.389480	196086
301	winsor_p99	0.000556394,0.0741764	0.386468	0.471979	0.085511	0.446568	196086
302	winsor_p99	0.000370972,0.0418393	0.341439	0.452003	0.110564	0.422173	196086
303	winsor_p99	0.000713257,0.00564049	0.308660	0.334605	0.025945	0.312922	196086
304	quantile_bins	2.72628e-07,3.61146e-07,0.00236657,0.00392276,0.00561932,0.00778322,0.0130818	0.248289	0.310528	0.062239	0.304783	196086
305	winsor_p99	3.00964e-07,5.57506e-05	0.151157	0.486311	0.335154	0.467025	196086
306	signed_cbrt		0.585378	0.850028	0.264649	0.929116	196086
307	signed_cbrt		0.651556	0.869301	0.217745	0.932383	196086
308	signed_cbrt		0.615858	0.861286	0.245429	0.935659	196086
309	signed_cbrt		0.579345	0.740315	0.160969	0.720699	196086
310	signed_cbrt		0.585562	0.767076	0.181514	0.772411	196086
311	quantile_bins	1.49209e-05,4.70875e-05,9.37526e-05,0.00015917,0.000260556,0.000444985,0.000912645	0.237294	0.752102	0.514807	0.804309	196086
312	winsor_p99	0.000281583,0.0243707	0.260782	0.414065	0.153283	0.388675	196086
313	winsor_p99	0.000684885,0.0730831	0.367175	0.463598	0.096423	0.442894	196086
314	winsor_p99	0.000456267,0.039038	0.311362	0.443568	0.132206	0.420532	196086
315	winsor_p99	0.000758273,0.00515678	0.305027	0.326338	0.021311	0.311706	196086
316	winsor_p99	8.36895e-08,0.00713852	0.215665	0.285877	0.070212	0.263236	196086
317	winsor_p99	3.63104e-07,4.82792e-05	0.136459	0.482744	0.346286	0.462530	196086
318	winsor_p99	0.000100416,0.0253239	0.373325	0.491894	0.118569	0.465902	196086
319	yeo_johnson	-18.5603	0.425627	0.521614	0.095987	0.503508	196086
320	winsor_p99	0.000164081,0.0345521	0.401094	0.508826	0.107732	0.488054	196086
321	winsor_p99	0.000425527,0.00592605	0.386217	0.426726	0.040509	0.412943	196086
322	winsor_p99	1.18092e-07,0.013641	0.356898	0.398142	0.041243	0.395106	196086
323	winsor_p99	1.07192e-07,4.69216e-05	0.146106	0.516188	0.370082	0.499787	196086
324	quantile_bins	0.00106218,0.00350735,0.00715998,0.0125034,0.0205721,0.0334754,0.06005	0.558808	0.865070	0.306262	0.979094	196086
325	quantile_bins	0.0020098,0.00639387,0.0129435,0.0225388,0.0363365,0.0577496,0.101792	0.593837	0.863087	0.269250	0.975730	196086
326	quantile_bins	0.00146371,0.00464015,0.00934974,0.0161794,0.0263865,0.0424724,0.0748124	0.577465	0.865496	0.288031	0.979548	196086
327	signed_cbrt		0.629055	0.813410	0.184355	0.848586	196086
328	signed_cbrt		0.627664	0.823001	0.195337	0.871156	196086
329	quantile_bins	5.05077e-06,1.62281e-05,3.52367e-05,6.49253e-05,0.000110805,0.00019397,0.000406959	0.162252	0.812221	0.649969	0.896819	196086
330	winsor_p99	0.000152577,0.0247138	0.359223	0.483432	0.124209	0.460226	196086
331	yeo_johnson	-18.1273	0.420742	0.511802	0.091060	0.495520	196086
332	winsor_p99	0.000259618,0.0346808	0.391369	0.500117	0.108748	0.481378	196086
333	winsor_p99	0.000438711,0.00562424	0.390896	0.420324	0.029428	0.405105	196086
334	winsor_p99	7.98064e-08,0.00757708	0.332282	0.379931	0.047648	0.355747	196086
335	winsor_p99	1.30141e-07,4.18924e-05	0.134590	0.513583	0.378993	0.493532	196086
336	yeo_johnson	-46.0243	0.407012	0.543165	0.136153	0.524779	196086
337	yeo_johnson	-28.0448	0.419239	0.557620	0.138382	0.547562	196086
338	yeo_johnson	-37.1829	0.414387	0.551916	0.137529	0.538163	196086
339	winsor_p99	0.000256323,0.00559792	0.447433	0.500080	0.052646	0.495419	196086
340	winsor_p99	7.20047e-08,0.0107794	0.436438	0.472446	0.036008	0.470164	196086
341	winsor_p99	3.82105e-08,3.47028e-05	0.132208	0.548636	0.416428	0.538071	196086
342	quantile_bins	0.000235516,0.000711479,0.00158229,0.00310277,0.00563521,0.0104638,0.0218762	0.485857	0.863971	0.378114	0.978894	196086
343	quantile_bins	0.000571826,0.00148972,0.00319576,0.00614498,0.0107253,0.0197498,0.0394023	0.489545	0.857582	0.368037	0.970604	196086
344	quantile_bins	0.000364796,0.0010263,0.00224341,0.0043344,0.00766906,0.0140654,0.0283599	0.489828	0.861319	0.371491	0.975336	196086
345	signed_cbrt		0.613677	0.821271	0.207594	0.907609	196086
346	signed_cbrt		0.610507	0.821306	0.210799	0.905578	196086
347	quantile_bins	1.67228e-06,4.69426e-06,9.31902e-06,1.75757e-05,3.24598e-05,6.1129e-05,0.00013416	0.082666	0.823162	0.740496	0.921007	196086
348	yeo_johnson	-46.7301	0.431412	0.536933	0.105521	0.520209	196086
349	yeo_johnson	-27.6656	0.444450	0.552717	0.108266	0.541110	196086
350	yeo_johnson	-37.6268	0.439177	0.546626	0.107449	0.532985	196086
351	winsor_p99	2.64933e-08,0.00854936	0.463107	0.501708	0.038601	0.488773	196086
352	winsor_p99	1.3198e-08,0.0103917	0.425195	0.454989	0.029794	0.436126	196086
353	winsor_p99	5.011e-08,3.29281e-05	0.124854	0.545666	0.420813	0.532391	196086
354	winsor_p99	3.44818e-05,0.0115398	0.376302	0.573086	0.196785	0.569589	196086
355	winsor_p99	0.00012235,0.0162487	0.365405	0.578786	0.213381	0.580202	196086
356	winsor_p99	6.71788e-05,0.0132722	0.371407	0.576572	0.205166	0.576253	196086
357	winsor_p99	0.000134045,0.00429193	0.461675	0.556073	0.094397	0.556501	196086
358	winsor_p99	5.89158e-08,0.00729543	0.483286	0.530537	0.047251	0.539472	196086
359	winsor_p99	1.20356e-08,2.0819e-05	0.114034	0.570764	0.456730	0.569157	196086
360	quantile_bins	4.84729e-05,0.000134019,0.000318506,0.00069004,0.00139182,0.00287392,0.00723179	0.354422	0.833298	0.478876	0.944673	196086
361	quantile_bins	0.000183031,0.000400446,0.000821445,0.00171872,0.00319568,0.00630021,0.015149	0.340590	0.808669	0.468079	0.921777	196086
362	quantile_bins	9.40314e-05,0.00023122,0.000511164,0.00108502,0.0020948,0.00417275,0.0102002	0.340958	0.820685	0.479727	0.932618	196086
363	quantile_bins	0.000635172,0.00104669,0.00156362,0.00234317,0.00325633,0.00479524,0.00748527	0.565937	0.810443	0.244506	0.910124	196086
364	quantile_bins	0.000601981,0.00103085,0.00159655,0.0024164,0.0034614,0.00503592,0.00795231	0.596900	0.812963	0.216063	0.905064	196086
365	quantile_bins	5.05492e-07,1.4797e-06,3.73833e-06,5.91194e-06,1.01421e-05,2.09307e-05,5.19794e-05	0.048318	0.785545	0.737227	0.886438	196086
366	yeo_johnson	-71.0617	0.418115	0.572512	0.154397	0.566064	196086
367	yeo_johnson	-48.0141	0.401058	0.575487	0.174429	0.576545	196086
368	yeo_johnson	-60.5262	0.409496	0.575112	0.165617	0.572680	196086
369	winsor_p99	2.62875e-08,0.00715079	0.491577	0.555910	0.064333	0.550652	196086
370	winsor_p99	1.33615e-08,0.00727948	0.486295	0.516529	0.030235	0.506796	196086
371	winsor_p99	1.74164e-08,2.03851e-05	0.108032	0.570527	0.462495	0.566767	196086
372	quantile_bins	7.89808e-06,0.0033803,0.00858505,0.017036,0.0349441,0.119273,0.260327	0.021957	0.203504	0.181547	0.251354	111068
373	quantile_bins	2.56255e-05,0.00308987,0.00864312,0.0184399,0.0379737,0.113264,0.235846	0.081256	0.252111	0.170855	0.295792	111068
374	quantile_bins	5.81363e-05,0.00522975,0.0161663,0.0345288,0.0693843,0.192298,0.337251	0.121361	0.259630	0.138269	0.301343	111068
375	quantile_bins	1.14826e-13,0.00331373,0.00781385,0.0126041,0.0208051,0.0528621,0.204446	0.034772	0.152363	0.117592	0.205804	111068
376	log1p		0.326083	0.328067	0.001984	0.317428	111068
377	quantile_bins	2.09511e-12,0.000421981,0.00125388,0.00284502,0.00688403,0.145423,0.476835	0.050208	0.243373	0.193166	0.295479	111068
378	quantile_bins	9.76067e-11,0.00641561,0.0153591,0.0240483,0.0379919,0.0857391,0.257495	0.021483	0.117223	0.095740	0.169849	111068
379	signed_cbrt		0.228076	0.231891	0.003815	0.251051	111068
380	clip_then_log1p	0.330715	0.507864	0.589227	0.081363	0.442583	111068
381	quantile_bins	9.33434e-05,0.00644718,0.0164379,0.0324692,0.0622817,0.161859,0.305627	0.078611	0.244506	0.165895	0.285909	111068
382	winsor_p99	0.0499906,0.265198	0.146051	0.294303	0.148252	0.279107	111068
383	clip_then_log1p	0.0871021	0.269898	0.274708	0.004811	0.279630	111068
384	quantile_bins	7.89808e-06,0.00303659,0.00764777,0.0149544,0.0298375,0.104437,0.24278	0.006766	0.201973	0.195207	0.248824	111068
385	quantile_bins	1.14826e-13,0.00308727,0.00719839,0.0115327,0.01892,0.0498836,0.19497	0.036913	0.153694	0.116781	0.206670	111068
386	winsor_p99	0,0.0906991	0.310282	0.314504	0.004222	0.313384	111068
387	quantile_bins	2.0951e-12,0.000367101,0.00108782,0.00236779,0.00552717,0.143882,0.483968	0.052211	0.251539	0.199328	0.304555	111068
388	quantile_bins	7.90502e-06,0.00519827,0.0131405,0.0259481,0.0523169,0.154443,0.325386	0.053563	0.217424	0.163861	0.268041	111068
389	quantile_bins	1.14189e-13,0.0047218,0.010607,0.0167752,0.0271417,0.065757,0.246997	0.023132	0.152594	0.129462	0.209923	111068
390	winsor_p99	0,0.226862	0.370961	0.372246	0.001285	0.343957	111068
391	quantile_bins	2.10176e-12,0.000680611,0.00194024,0.00442792,0.0106238,0.161662,0.451238	0.046032	0.236784	0.190752	0.288270	111068
392	quantile_bins	3.73181e-07,0.00994724,0.0220649,0.0342585,0.0530018,0.240734,0.470614	0.013146	0.253520	0.240375	0.307151	111068
393	clip_then_log1p	0.999987	0.116115	0.155160	0.039045	0.145821	111068
394	winsor_p99	0.0287109,0.181334	0.141617	0.225617	0.084000	0.260094	111068
395	quantile_bins	3.73181e-07,0.010049,0.0223163,0.0347129,0.0538804,0.241691,0.473372	0.014028	0.252274	0.238245	0.305703	111068
396	quantile_bins	3.73181e-07,0.00959445,0.0212005,0.0326501,0.0499585,0.237266,0.460189	0.010050	0.257863	0.247814	0.312077	111068
397	winsor_p99	0.0172924,0.0730933	0.083993	0.124706	0.040713	0.016068	111068
398	winsor_p99	9.05886e-06,0.0265994	0.123604	0.311532	0.187928	0.299249	111068
399	clip_then_log1p	0.0135446	0.098174	0.102125	0.003950	0.018502	111068
400	quantile_bins	4.94181e-07,0.000213801,0.0015352,0.00435037,0.00975831,0.0209432,0.0582783	0.017196	0.248726	0.231530	0.270607	111068
401	yeo_johnson	-10.688	0.643098	0.706301	0.063203	0.758961	111068
402	yeo_johnson	-14.692	0.600840	0.654489	0.053649	0.713888	111068
403	quantile_bins	0.00979997,0.0216736,0.0364154,0.054577,0.0786652,0.117751,0.183277	0.513729	0.608119	0.094390	0.669701	111068
404	identity		0.711148	0.711148	0.000000	0.722429	111068
405	winsor_p99	0.00395556,0.197475	0.679517	0.697989	0.018472	0.772202	111068
406	quantile_bins	0.00299254,0.007448,0.013534,0.0233743,0.0449863,0.140246,0.324878	0.076591	0.391324	0.314734	0.475407	111068
407	identity		0.567272	0.567272	0.000000	0.585701	111068
408	yeo_johnson	-2.68599	0.526288	0.535106	0.008818	0.614449	111068
409	clip_then_log1p	0.0891658	0.666548	0.667748	0.001200	0.708070	111068
410	yeo_johnson	-8.69396	0.663873	0.710100	0.046227	0.762274	111068
411	clip_then_log1p	0.120411	0.836211	0.848709	0.012497	0.859597	111068
412	clip_then_log1p	0.0864015	0.782694	0.785548	0.002854	0.863822	111068
413	yeo_johnson	-11.4342	0.578761	0.679636	0.100874	0.742167	111068
414	identity		0.662513	0.662513	0.000000	0.653534	111068
415	winsor_p99	0.00389361,0.200543	0.630048	0.643604	0.013556	0.720381	111068
416	quantile_bins	0.00180536,0.00416564,0.00746981,0.0130388,0.0269422,0.117965,0.354066	0.026157	0.391705	0.365548	0.472796	111068
417	signed_cbrt		0.681631	0.724171	0.042539	0.762352	111068
418	identity		0.732231	0.732231	0.000000	0.756770	111068
419	winsor_p99	0.00390955,0.202035	0.705029	0.723814	0.018785	0.794400	111068
420	log1p		0.114475	0.403157	0.288681	0.477878	111068
421	quantile_bins	0.0310001,0.0475309,0.0626133,0.0809494,0.111242,0.21224,0.357982	0.165841	0.408143	0.242302	0.489637	111068
422	log1p		0.020360	0.029053	0.008693	0.034928	111068
423	winsor_p99	0.00414581,0.585889	0.839672	0.844487	0.004816	0.887245	111068
424	quantile_bins	0.0336516,0.0515964,0.0681202,0.0884023,0.122137,0.230025,0.375468	0.172943	0.398676	0.225733	0.479294	111068
425	quantile_bins	0.0246709,0.0377256,0.04968,0.063741,0.0861481,0.168138,0.315265	0.143753	0.428904	0.285152	0.510567	111068
426	log1p		0.234546	0.252318	0.017772	0.335479	111068
427	quantile_bins	0.0153234,0.0232377,0.0299799,0.037614,0.0480239,0.0794365,0.131091	0.173509	0.401753	0.228243	0.479541	111068
428	winsor_p99	0.00244166,0.0708094	0.203875	0.214568	0.010692	0.285364	111068
429	signed_cbrt		0.400034	0.622444	0.222411	0.714705	111068
430	quantile_bins	3.68055e-05,0.00324392,0.0078945,0.015175,0.0304467,0.0972191,0.237287	0.009836	0.204559	0.194723	0.252457	111068
431	quantile_bins	9.92849e-05,0.00288718,0.00844962,0.0174103,0.0353983,0.11554,0.248903	0.047713	0.240682	0.192970	0.287616	111068
432	quantile_bins	0.000203687,0.00514627,0.0164439,0.0346548,0.0683169,0.191002,0.342612	0.094201	0.246251	0.152049	0.293074	111068
433	quantile_bins	4.32273e-15,0.00350877,0.00727498,0.0117126,0.0195993,0.0542098,0.219049	0.044122	0.166970	0.122848	0.210433	111068
434	signed_cbrt		0.278298	0.298511	0.020214	0.308901	111068
435	quantile_bins	7.61574e-14,0.000399928,0.00114207,0.00245894,0.00572076,0.139315,0.435875	0.057386	0.246166	0.188780	0.297115	111068
436	quantile_bins	2.82116e-12,0.00691473,0.0140968,0.0219438,0.0354348,0.0844294,0.271019	0.029240	0.134030	0.104790	0.173873	111068
437	quantile_bins	1.92022e-12,5.45539e-11,0.0113727,0.0209909,0.0325685,0.0497455,0.0901999	0.199829	0.222645	0.022816	0.244604	111068
438	clip_then_log1p	0.334488	0.498443	0.585929	0.087486	0.434500	111068
439	quantile_bins	0.000316126,0.00598399,0.0155109,0.029861,0.0567452,0.151633,0.320726	0.053529	0.238815	0.185285	0.282739	111068
440	winsor_p99	0.0447752,0.258812	0.123517	0.281971	0.158454	0.275691	111068
441	identity		0.252698	0.252698	0.000000	0.272466	111068
442	quantile_bins	3.68055e-05,0.00292373,0.00714678,0.0134325,0.0264376,0.0848133,0.223247	0.001753	0.204220	0.202466	0.250526	111068
443	quantile_bins	4.32273e-15,0.00327711,0.00681875,0.0108937,0.018204,0.0522925,0.209746	0.045685	0.169206	0.123521	0.211797	111068
444	yeo_johnson	-32.9909	0.265328	0.295123	0.029796	0.305453	111068
445	quantile_bins	7.61574e-14,0.000356107,0.000997239,0.002113,0.00485703,0.13539,0.442953	0.058272	0.253123	0.194851	0.304823	111068
446	quantile_bins	3.67979e-05,0.00485642,0.0121199,0.0233624,0.0465057,0.13569,0.300885	0.033482	0.212771	0.179289	0.263488	111068
447	quantile_bins	4.32429e-15,0.00490459,0.00981395,0.0155617,0.0253867,0.0679131,0.262308	0.036054	0.163743	0.127689	0.210547	111068
448	winsor_p99	0,0.131224	0.320083	0.325938	0.005856	0.328971	111068
449	quantile_bins	7.62077e-14,0.00060934,0.00172477,0.00372229,0.00880597,0.146106,0.409908	0.055187	0.236666	0.181480	0.286292	111068
450	quantile_bins	1.14278e-07,0.0106178,0.0215888,0.0328557,0.0502073,0.23787,0.448861	0.006683	0.257340	0.250657	0.309194	111068
451	clip_then_log1p	0.999998	0.120036	0.147444	0.027408	0.146299	111068
452	quantile_bins	1.67811e-13,0.0274964,0.0495531,0.0734394,0.115198,0.185098,0.26737	0.114173	0.207686	0.093514	0.253099	111068
453	quantile_bins	1.14278e-07,0.0107229,0.0217916,0.0331845,0.0509024,0.239989,0.451185	0.007478	0.256184	0.248705	0.308073	111068
454	quantile_bins	1.14278e-07,0.0102681,0.0208638,0.031589,0.0477579,0.233093,0.44228	0.003900	0.260977	0.257077	0.313265	111068
455	winsor_p99	0.0188343,0.0758215	0.089531	0.131413	0.041882	0.034868	111068
456	winsor_p99	3.27572e-06,0.0241761	0.121974	0.308970	0.186996	0.297459	111068
457	clip_then_log1p	0.0784993	0.098876	0.109848	0.010972	0.010701	111068
458	quantile_bins	8.38764e-07,0.000155565,0.00150594,0.00466055,0.0103218,0.0214624,0.0585113	0.020410	0.247124	0.226714	0.272403	111068
459	quantile_bins	1.29007e-05,0.00221607,0.00707216,0.0152274,0.0322549,0.130831,0.332711	0.021043	0.248566	0.227524	0.301212	111068
460	quantile_bins	3.14837e-05,0.00162063,0.00529455,0.0121601,0.0269211,0.114152,0.260949	0.067229	0.285574	0.218344	0.335432	111068
461	quantile_bins	6.09801e-05,0.00249778,0.00838398,0.019386,0.0427221,0.17645,0.345059	0.095163	0.290597	0.195434	0.338771	111068
462	quantile_bins	0,0.00376304,0.00911582,0.0153876,0.026585,0.0690584,0.275229	0.020684	0.209931	0.189247	0.265161	111068
463	winsor_p99	0,0.150587	0.422651	0.426446	0.003795	0.382836	111068
464	quantile_bins	6.33579e-13,0.00026905,0.000963847,0.00225847,0.00562406,0.144767,0.471632	0.050321	0.262868	0.212547	0.321849	111068
465	winsor_p99	0.00953187,0.113842	0.000665	0.180073	0.179408	0.230001	111068
466	winsor_p99	1.0842e-15,0.231329	0.307826	0.308299	0.000473	0.301309	111068
467	clip_then_log1p	0.135392	0.533942	0.588671	0.054728	0.436857	111068
468	quantile_bins	9.31172e-05,0.00378149,0.011293,0.0241014,0.0493677,0.172347,0.379508	0.059784	0.277383	0.217599	0.325812	111068
469	winsor_p99	0.0408591,0.282903	0.140439	0.308289	0.167850	0.313514	111068
470	clip_then_log1p	0.0840124	0.358848	0.364630	0.005782	0.385797	111068
471	quantile_bins	1.29007e-05,0.0020016,0.00645027,0.0137216,0.0286954,0.117256,0.310029	0.009302	0.244616	0.235314	0.297142	111068
472	quantile_bins	0,0.00350007,0.00835634,0.0140765,0.0245,0.065835,0.266141	0.023476	0.205246	0.181770	0.260392	111068
473	winsor_p99	0,0.134835	0.405222	0.409589	0.004367	0.372406	111068
474	quantile_bins	6.33578e-13,0.000231941,0.000823402,0.00189514,0.00462996,0.14183,0.481505	0.052283	0.267391	0.215108	0.326771	111068
475	quantile_bins	1.29141e-05,0.00310735,0.00948112,0.0200978,0.0421908,0.163687,0.401173	0.044205	0.263488	0.219284	0.318079	111068
476	quantile_bins	0,0.00488778,0.0118191,0.0194461,0.0321049,0.0814656,0.309301	0.009595	0.223729	0.214134	0.281221	111068
477	winsor_p99	0,0.182258	0.463362	0.474362	0.011000	0.420999	111068
478	quantile_bins	6.34321e-13,0.000412541,0.00136745,0.00319296,0.00776235,0.158981,0.448587	0.047382	0.263259	0.215877	0.322335	111068
479	quantile_bins	2.88166e-07,0.00898963,0.0199884,0.0313446,0.0491229,0.239287,0.465774	0.013619	0.265928	0.252308	0.323113	111068
480	clip_then_log1p	0.99999	0.114801	0.155635	0.040833	0.139956	111068
481	winsor_p99	0.0219813,0.204944	0.196064	0.304379	0.108316	0.336258	111068
482	quantile_bins	2.88166e-07,0.00911995,0.0202932,0.031913,0.0501434,0.240849,0.469224	0.014768	0.264538	0.249769	0.321601	111068
483	quantile_bins	2.88166e-07,0.00854446,0.0188747,0.0294243,0.0457284,0.234666,0.453808	0.009687	0.270223	0.260536	0.327924	111068
484	clip_then_log1p	0.0760264	0.023848	0.065254	0.041406	0.109084	111068
485	winsor_p99	6.93273e-06,0.0268625	0.120675	0.349153	0.228478	0.324308	111068
486	clip_then_log1p	0.0784529	0.067779	0.086322	0.018543	0.100735	111068
487	quantile_bins	1.47716e-06,0.000178348,0.0012802,0.0039704,0.00950074,0.021399,0.0609915	0.015037	0.305254	0.290217	0.350005	111068
488	signed_cbrt		0.513408	0.642061	0.128653	0.682274	111068
489	quantile_bins	0.00159341,0.00440449,0.00827181,0.0140464,0.0230347,0.0387531,0.07637	0.460905	0.626723	0.165818	0.673572	111068
490	quantile_bins	0.00231774,0.00636985,0.0118242,0.0198959,0.0340078,0.0642747,0.135501	0.402602	0.602264	0.199662	0.651894	111068
491	winsor_p99	0.000284803,0.0970222	0.864754	0.867002	0.002247	0.869676	111068
492	signed_cbrt		0.653889	0.679271	0.025381	0.731823	111068
493	quantile_bins	0.000807312,0.00250593,0.00520364,0.0101483,0.0219145,0.114587,0.316055	0.038979	0.435578	0.396599	0.525336	111068
494	identity		0.771486	0.771486	0.000000	0.751359	111068
495	quantile_bins	0.0294276,0.052718,0.0768394,0.10521,0.141789,0.192337,0.256151	0.448902	0.510133	0.061232	0.582347	111068
496	winsor_p99	0.00958425,0.487138	0.591572	0.593723	0.002151	0.621173	111068
497	yeo_johnson	-14.2088	0.530260	0.650466	0.120206	0.690523	111068
498	clip_then_log1p	0.0739721	0.902925	0.909442	0.006517	0.913037	111068
499	clip_then_log1p	0.0807456	0.849653	0.852748	0.003095	0.896405	111068
500	yeo_johnson	-17.3988	0.498854	0.676500	0.177646	0.720718	111068
501	winsor_p99	0.000309332,0.105796	0.833929	0.836267	0.002339	0.831374	111068
502	signed_cbrt		0.655639	0.676233	0.020594	0.743412	111068
503	quantile_bins	0.000612173,0.00168245,0.00342821,0.00668148,0.0147803,0.093752,0.350662	0.008050	0.434899	0.426849	0.523238	111068
504	signed_cbrt		0.520576	0.631837	0.111261	0.666539	111068
505	winsor_p99	0.000241451,0.0942662	0.871886	0.873739	0.001854	0.881537	111068
506	signed_cbrt		0.641173	0.669919	0.028746	0.715478	111068
507	quantile_bins	0.00091192,0.00292679,0.006231,0.0121515,0.0258941,0.122255,0.302788	0.056623	0.437843	0.381220	0.526319	111068
508	quantile_bins	0.0176349,0.0296977,0.0415397,0.0568594,0.0811967,0.190877,0.347404	0.147447	0.446352	0.298905	0.534898	111068
509	winsor_p99	0.197433,0.354129	0.035522	0.044858	0.009336	0.028547	111068
510	winsor_p99	0.00103822,0.494032	0.855955	0.857588	0.001633	0.857801	111068
511	quantile_bins	0.0196065,0.0331512,0.0464178,0.0633314,0.0906194,0.209099,0.369202	0.152620	0.440170	0.287550	0.527840	111068
512	quantile_bins	0.0130948,0.0221914,0.0313271,0.0428863,0.0613855,0.147717,0.293817	0.131656	0.455013	0.323357	0.542715	111068
513	yeo_johnson	3.35277	0.486353	0.487133	0.000780	0.596019	111068
514	quantile_bins	0.00977723,0.0160823,0.0219337,0.028894,0.0385988,0.0775372,0.138793	0.139092	0.439188	0.300095	0.520377	111068
515	winsor_p99	0.000960047,0.0590402	0.495114	0.502366	0.007252	0.582845	111068
516	quantile_bins	1.53307e-06,1.46889e-05,6.0488e-05,0.00019599,0.000579039,0.0016753,0.00573296	0.353168	0.669761	0.316593	0.763497	111068
517	quantile_bins	3.37448e-05,0.00216419,0.00699361,0.0145949,0.0302388,0.113566,0.315623	0.009016	0.244825	0.235809	0.294014	111068
518	quantile_bins	9.48159e-05,0.00154758,0.00548486,0.0122312,0.0264967,0.115309,0.265083	0.042959	0.271078	0.228119	0.321040	111068
519	quantile_bins	0.000196369,0.00243482,0.00906317,0.0205843,0.0434353,0.174046,0.343469	0.075773	0.272812	0.197039	0.322946	111068
520	quantile_bins	0,0.00371546,0.00891436,0.0153402,0.0268199,0.0790071,0.297695	0.026309	0.222231	0.195922	0.267710	111068
521	winsor_p99	0,0.14409	0.376087	0.385866	0.009779	0.367106	111068
522	quantile_bins	6.06145e-14,0.000263174,0.000909605,0.00203095,0.00487772,0.133865,0.431808	0.057566	0.259695	0.202130	0.315990	111068
523	quantile_bins	2.391e-12,0.00989061,0.0205038,0.0327362,0.0524292,0.122516,0.372613	0.003177	0.181576	0.178399	0.229309	111068
524	log1p		0.273807	0.275779	0.001972	0.290153	111068
525	clip_then_log1p	0.137342	0.518841	0.576137	0.057296	0.423607	111068
526	quantile_bins	0.000308869,0.0035741,0.0114455,0.0235996,0.0469106,0.172232,0.38767	0.038486	0.264449	0.225964	0.313545	111068
527	winsor_p99	0.0374493,0.283311	0.122741	0.295247	0.172506	0.304263	111068
528	identity		0.345515	0.345515	0.000000	0.373415	111068
529	quantile_bins	3.37449e-05,0.00197439,0.00637873,0.0131987,0.0270027,0.100657,0.294911	0.000225	0.242963	0.242738	0.291248	111068
530	quantile_bins	0,0.00350141,0.00828033,0.0141909,0.0250545,0.0758707,0.286394	0.028145	0.220088	0.191942	0.265150	111068
531	winsor_p99	0,0.129104	0.358160	0.371091	0.012931	0.359334	111068
532	quantile_bins	6.06145e-14,0.000231377,0.000788179,0.00175382,0.00417406,0.130277,0.440875	0.058351	0.264100	0.205750	0.320253	111068
533	quantile_bins	3.37394e-05,0.00297524,0.00960901,0.0197779,0.0404668,0.154586,0.376682	0.027536	0.253760	0.226224	0.305946	111068
534	quantile_bins	0,0.00478333,0.0116694,0.0193361,0.0321933,0.091934,0.335821	0.018655	0.233200	0.214545	0.280204	111068
535	winsor_p99	0,0.170695	0.419902	0.433048	0.013145	0.400691	111068
536	quantile_bins	6.06353e-14,0.000376206,0.00128193,0.00286553,0.00679802,0.144329,0.40624	0.055967	0.255435	0.199469	0.311811	111068
537	quantile_bins	9.32295e-08,0.00942258,0.0196951,0.0303696,0.0469975,0.23592,0.444744	0.007048	0.266742	0.259695	0.321934	111068
538	clip_then_log1p	0.999998	0.119895	0.145809	0.025914	0.138221	111068
539	winsor_p99	0.020945,0.209217	0.165041	0.282583	0.117542	0.313043	111068
540	quantile_bins	9.32295e-08,0.00953551,0.0199363,0.0308058,0.0478451,0.237368,0.447353	0.008009	0.265770	0.257760	0.320765	111068
541	quantile_bins	9.32295e-08,0.00899838,0.0188078,0.0287818,0.044201,0.225549,0.435816	0.003673	0.270031	0.266359	0.325957	111068
542	clip_then_log1p	0.0803364	0.018731	0.070164	0.051433	0.101562	111068
543	winsor_p99	3.45562e-06,0.0249622	0.119942	0.345518	0.225576	0.318734	111068
544	clip_then_log1p	0.0906987	0.067439	0.095102	0.027663	0.110734	111068
545	winsor_p99	0.000152728,0.0228233	0.015842	0.301039	0.285197	0.344709	111068
546	quantile_bins	1.06871e-05,0.0011106,0.00457771,0.0107458,0.0253456,0.13341,0.40681	0.011601	0.279943	0.268342	0.335162	111068
547	quantile_bins	2.57925e-05,0.000668294,0.00249078,0.00605935,0.0163494,0.101622,0.271645	0.044482	0.306720	0.262238	0.358960	111068
548	quantile_bins	4.20432e-05,0.00098065,0.00357407,0.00859496,0.0228314,0.151319,0.344625	0.059129	0.311714	0.252585	0.362099	111068
549	quantile_bins	0,0.0021213,0.00796519,0.0156074,0.0302811,0.0880047,0.328137	0.007422	0.253069	0.245647	0.311624	111068
550	winsor_p99	0,0.127389	0.486980	0.506517	0.019538	0.447673	111068
551	quantile_bins	2.02833e-13,0.000144631,0.000620171,0.0015454,0.00409669,0.141502,0.4657	0.051070	0.284832	0.233762	0.350359	111068
552	winsor_p99	0.00984766,0.146414	0.025597	0.231107	0.205510	0.290296	111068
553	winsor_p99	0,0.200783	0.384770	0.395415	0.010645	0.368572	111068
554	clip_then_log1p	0.10276	0.541964	0.581237	0.039273	0.442467	111068
555	quantile_bins	7.21088e-05,0.00173508,0.00625012,0.0144663,0.0346279,0.175781,0.448795	0.034309	0.299785	0.265476	0.351591	111068
556	winsor_p99	0.026185,0.295105	0.145572	0.323487	0.177915	0.344105	111068
557	winsor_p99	0,0.2131	0.394224	0.421303	0.027079	0.434749	111068
558	quantile_bins	1.06871e-05,0.00102308,0.00438599,0.0102718,0.0238578,0.126689,0.383081	0.005114	0.275725	0.270611	0.331366	111068
559	quantile_bins	0,0.00201037,0.00761532,0.0149171,0.0289672,0.0850898,0.321417	0.009565	0.247838	0.238273	0.306577	111068
560	winsor_p99	0,0.114539	0.489723	0.504473	0.014750	0.440806	111068
561	quantile_bins	2.02833e-13,0.000124945,0.000546811,0.00135136,0.00357874,0.136241,0.476395	0.052432	0.286084	0.233653	0.351265	111068
562	quantile_bins	1.07321e-05,0.00142677,0.00521227,0.01233,0.0295819,0.160633,0.465367	0.024766	0.290940	0.266174	0.346745	111068
563	quantile_bins	0,0.00270344,0.00915322,0.0175183,0.0337696,0.0970145,0.350202	0.000323	0.264462	0.264139	0.322712	111068
564	winsor_p99	0,0.0877004	0.496467	0.525469	0.029003	0.470818	111068
565	quantile_bins	2.02839e-13,0.000203966,0.000786235,0.00191925,0.0050432,0.151459,0.439804	0.049882	0.289499	0.239617	0.354922	111068
566	quantile_bins	1.8729e-07,0.0070145,0.0164487,0.0267509,0.0437981,0.237847,0.45977	0.014079	0.282108	0.268029	0.343693	111068
567	clip_then_log1p	0.999993	0.115525	0.156147	0.040621	0.135581	111068
568	winsor_p99	0.0107359,0.215808	0.212821	0.361156	0.148335	0.374429	111068
569	quantile_bins	1.8729e-07,0.00715054,0.0168022,0.0273332,0.0448573,0.23939,0.464406	0.015511	0.280961	0.265451	0.342557	111068
570	quantile_bins	1.8729e-07,0.00652355,0.0152389,0.0247677,0.0403754,0.231836,0.444836	0.009292	0.284980	0.275689	0.346766	111068
571	clip_then_log1p	0.0625191	0.009391	0.077664	0.068273	0.163357	111068
572	winsor_p99	5.68989e-06,0.0256953	0.120262	0.395978	0.275716	0.359234	111068
573	quantile_bins	1.62259e-06,0.0140287,0.0271254,0.0348995,0.0452314,0.0837598,0.262926	0.035397	0.140949	0.105552	0.242634	111068
574	quantile_bins	1.29089e-06,0.000115837,0.00072903,0.0025819,0.00750142,0.0204248,0.0683532	0.006121	0.342897	0.336776	0.388231	111068
575	log1p		0.288064	0.554171	0.266107	0.592900	111068
576	quantile_bins	0.000394375,0.00104364,0.00233501,0.00489514,0.0106978,0.0215634,0.0549908	0.312346	0.569543	0.257197	0.606642	111068
577	quantile_bins	0.000613631,0.00149295,0.00328536,0.00684162,0.0149734,0.0310208,0.0934801	0.304628	0.569492	0.264864	0.607881	111068
578	signed_cbrt		0.887636	0.916019	0.028382	0.912871	111068
579	quantile_bins	0.00118572,0.00357341,0.00758566,0.0144962,0.0278383,0.0466184,0.0755264	0.468899	0.587304	0.118405	0.637618	111068
580	quantile_bins	0.000182399,0.00051906,0.00119664,0.00271485,0.00705759,0.0852001,0.308892	0.004950	0.447166	0.442216	0.536990	111068
581	winsor_p99	0.00119151,0.190372	0.877016	0.877630	0.000614	0.820320	111068
582	quantile_bins	0.0122549,0.023306,0.0360605,0.053689,0.0835612,0.169051,0.251287	0.278567	0.484643	0.206076	0.561053	111068
583	log1p		0.439637	0.486905	0.047268	0.530173	111068
584	log1p		0.326407	0.562455	0.236048	0.595795	111068
585	identity		0.869867	0.869867	0.000000	0.846882	111068
586	identity		0.839937	0.839937	0.000000	0.844080	111068
587	quantile_bins	0.000560504,0.00165893,0.00385005,0.00828678,0.0191491,0.0322711,0.0679811	0.324082	0.592078	0.267996	0.625931	111068
588	signed_cbrt		0.864898	0.886281	0.021383	0.889391	111068
589	yeo_johnson	-23.1705	0.541882	0.628194	0.086312	0.682816	111068
590	quantile_bins	0.000169936,0.000470498,0.00101891,0.00226041,0.00592276,0.0746713,0.340974	0.015612	0.448858	0.433247	0.537101	111068
591	log1p		0.270232	0.543092	0.272860	0.587200	111068
592	signed_cbrt		0.891194	0.924517	0.033324	0.918241	111068
593	log1p		0.432455	0.574994	0.142539	0.625115	111068
594	quantile_bins	0.000185272,0.000537802,0.00126638,0.00292088,0.00758398,0.088187,0.298204	0.000494	0.446918	0.446424	0.536540	111068
595	quantile_bins	0.00857241,0.0145336,0.021497,0.0319598,0.0511509,0.167266,0.335961	0.106121	0.454253	0.348132	0.544338	111068
596	quantile_bins	0.133648,0.161515,0.189212,0.213867,0.252113,0.295628,0.352963	0.075348	0.090894	0.015546	0.075728	111068
597	winsor_p99	0.000244583,0.370625	0.791604	0.794402	0.002798	0.755622	111068
598	quantile_bins	0.00971615,0.0164593,0.0245772,0.036257,0.0577765,0.184913,0.36249	0.108921	0.450620	0.341699	0.539814	111068
599	quantile_bins	0.00610266,0.0104298,0.0155907,0.0231932,0.0378427,0.127973,0.270347	0.097954	0.456239	0.358284	0.544523	111068
600	clip_then_log1p	0.00701305	0.596638	0.597050	0.000412	0.703789	111068
601	quantile_bins	0.00505184,0.00862048,0.0126913,0.0181377,0.0277911,0.0745057,0.144249	0.109214	0.443708	0.334494	0.520895	111068
602	identity		0.634929	0.634929	0.000000	0.679188	111068
603	signed_cbrt		0.260814	0.630968	0.370153	0.655701	111068
604	quantile_bins	2.91656e-05,0.00112383,0.00486882,0.0110724,0.0249075,0.122622,0.376414	0.002799	0.276362	0.273563	0.328257	111068
605	quantile_bins	8.64571e-05,0.000676328,0.00268932,0.0065469,0.015981,0.101486,0.2615	0.029512	0.296506	0.266994	0.345715	111068
606	quantile_bins	0.000180577,0.000984215,0.00394528,0.00971373,0.023329,0.147729,0.335863	0.045127	0.294926	0.249799	0.345336	111068
607	quantile_bins	0,0.00227408,0.00842777,0.0163561,0.0314083,0.0999671,0.359273	0.009499	0.263862	0.254364	0.312531	111068
608	winsor_p99	0,0.108486	0.492154	0.495846	0.003693	0.439129	111068
609	quantile_bins	5.50059e-14,0.000140576,0.000618442,0.00146175,0.00372632,0.125059,0.422061	0.058061	0.279234	0.221173	0.340656	111068
610	winsor_p99	0.00990985,0.159881	0.024629	0.230125	0.205496	0.285058	111068
611	clip_then_log1p	0.0242923	0.373892	0.378528	0.004636	0.355814	111068
612	clip_then_log1p	0.102209	0.526614	0.569500	0.042886	0.425018	111068
613	quantile_bins	0.00028923,0.00173153,0.00678478,0.015061,0.0338279,0.168765,0.435929	0.020164	0.288498	0.268335	0.339249	111068
614	winsor_p99	0.0246776,0.301891	0.132805	0.312721	0.179915	0.333324	111068
615	winsor_p99	0,0.194156	0.401506	0.413558	0.012052	0.428580	111068
616	quantile_bins	2.91201e-05,0.00104359,0.00461222,0.010438,0.0233776,0.111099,0.357334	0.002613	0.274598	0.271985	0.325331	111068
617	quantile_bins	0,0.00213106,0.00803858,0.0155856,0.0302222,0.0953011,0.344926	0.010672	0.261035	0.250363	0.309310	111068
618	winsor_p99	0,0.101804	0.479945	0.482414	0.002469	0.429255	111068
619	quantile_bins	5.50059e-14,0.000125285,0.000548999,0.00130211,0.00332632,0.119939,0.433987	0.058455	0.280330	0.221875	0.341738	111068
620	quantile_bins	2.9166e-05,0.00138341,0.00578226,0.013092,0.0294328,0.150699,0.435699	0.013537	0.283030	0.269494	0.336758	111068
621	quantile_bins	0,0.00287037,0.00987197,0.0184782,0.0343593,0.110828,0.383596	0.004665	0.273847	0.269182	0.322577	111068
622	winsor_p99	0,0.124821	0.508328	0.528374	0.020047	0.464861	111068
623	quantile_bins	5.50147e-14,0.00018457,0.000783553,0.00183964,0.00460819,0.133312,0.397672	0.057619	0.279777	0.222158	0.340919	111068
624	quantile_bins	8.56865e-08,0.00724114,0.0165759,0.02647,0.0423048,0.22855,0.438533	0.007704	0.281887	0.274183	0.340910	111068
625	clip_then_log1p	0.999998	0.120939	0.144766	0.023827	0.133217	111068
626	winsor_p99	0.0111643,0.218035	0.185658	0.347135	0.161478	0.355684	111068
627	quantile_bins	8.56865e-08,0.00737115,0.0168655,0.0269215,0.0431442,0.231203,0.441125	0.008861	0.281097	0.272236	0.339994	111068
628	quantile_bins	8.56865e-08,0.00679301,0.0156203,0.0248404,0.0393394,0.214433,0.427873	0.003671	0.284322	0.280651	0.343760	111068
629	clip_then_log1p	0.0678273	0.000278	0.081475	0.081196	0.160304	111068
630	winsor_p99	4.45327e-06,0.0242758	0.119691	0.392658	0.272968	0.350548	111068
631	quantile_bins	8.87452e-07,0.0152638,0.0288415,0.0374209,0.0491064,0.10068,0.283616	0.031230	0.157828	0.126598	0.246807	111068
632	winsor_p99	7.88046e-05,0.0213877	0.008711	0.321757	0.313046	0.361307	111068
633	quantile_bins	3.29592e-06,0.000375987,0.00191075,0.00565079,0.0167107,0.143797,0.476384	0.001618	0.297342	0.295724	0.352031	111068
634	quantile_bins	1.3495e-05,0.000213729,0.000837126,0.0023886,0.00832475,0.0811778,0.257223	0.028909	0.318884	0.289975	0.369638	111068
635	quantile_bins	2.84316e-05,0.000295233,0.00115484,0.00321642,0.0111223,0.117548,0.324492	0.035442	0.318849	0.283407	0.370839	111068
636	quantile_bins	0,0.00092259,0.00462146,0.0121774,0.0294974,0.10668,0.361343	0.002490	0.274825	0.272335	0.332016	111068
637	winsor_p99	0,0.0603416	0.459895	0.540265	0.080371	0.482459	111068
638	quantile_bins	8.70831e-14,5.3347e-05,0.000273847,0.00080658,0.00261528,0.134281,0.457803	0.052390	0.301861	0.249471	0.370724	111068
639	quantile_bins	9.82999e-12,0.00735506,0.0195579,0.0373788,0.06991,0.182618,0.478656	0.047984	0.251780	0.203796	0.324170	111068
640	winsor_p99	6.8564e-16,0.113033	0.416643	0.468316	0.051673	0.431790	111068
641	clip_then_log1p	0.0716639	0.527834	0.547852	0.020018	0.456717	111068
642	quantile_bins	5.91874e-05,0.000549705,0.00247209,0.0068955,0.0210004,0.169585,0.509728	0.011582	0.307624	0.296042	0.362630	111068
643	winsor_p99	0.0111306,0.29495	0.146319	0.321571	0.175251	0.358301	111068
644	winsor_p99	1.60089e-10,0.118774	0.379132	0.477685	0.098552	0.452320	111068
645	quantile_bins	3.29143e-06,0.000371975,0.00197155,0.00574958,0.016679,0.138448,0.45662	0.003754	0.295177	0.291424	0.350442	111068
646	quantile_bins	0,0.000911918,0.00473555,0.0124109,0.0296198,0.105225,0.36329	0.002109	0.270997	0.268888	0.328789	111068
647	winsor_p99	0,0.0535094	0.497133	0.552016	0.054882	0.485610	111068
648	quantile_bins	8.70831e-14,4.79672e-05,0.000254038,0.000763836,0.00244699,0.126277,0.469887	0.052882	0.300810	0.247928	0.369775	111068
649	quantile_bins	3.30372e-06,0.000419931,0.00193846,0.00571468,0.017494,0.160072,0.521915	0.004600	0.303236	0.298636	0.358448	111068
650	quantile_bins	0,0.0010141,0.00465586,0.0122286,0.0302101,0.113465,0.365428	0.006630	0.282086	0.275456	0.338090	111068
651	winsor_p99	0,0.0480452	0.442020	0.541367	0.099347	0.485815	111068
652	quantile_bins	8.70856e-14,6.65749e-05,0.000307521,0.000876716,0.00290739,0.14392,0.435315	0.052600	0.307377	0.254777	0.375639	111068
653	quantile_bins	1.34265e-07,0.00463424,0.0110915,0.0203691,0.0368091,0.233574,0.453666	0.013350	0.295471	0.282121	0.361249	111068
654	clip_then_log1p	0.999995	0.117632	0.155518	0.037885	0.135722	111068
655	winsor_p99	0.00381424,0.215191	0.170332	0.357725	0.187393	0.379849	111068
656	quantile_bins	1.34265e-07,0.00474585,0.0114109,0.0208923,0.0378025,0.235746,0.459666	0.015028	0.294973	0.279946	0.360869	111068
657	quantile_bins	1.34265e-07,0.00425338,0.0101036,0.0187279,0.0337628,0.225139,0.437298	0.007838	0.296373	0.288535	0.361661	111068
658	winsor_p99	0.0101515,0.0485133	0.010827	0.107850	0.097023	0.208896	111068
659	winsor_p99	5.11547e-06,0.0239185	0.119265	0.437867	0.318602	0.391063	111068
660	quantile_bins	1.24463e-06,0.00885943,0.0221742,0.0346068,0.0500294,0.100943,0.284093	0.014764	0.200654	0.185891	0.294503	111068
661	quantile_bins	1.29089e-06,0.000115837,0.00072903,0.0025819,0.00750142,0.0204248,0.0683532	0.006121	0.342897	0.336776	0.388231	111068
662	quantile_bins	7.3806e-05,0.000222938,0.000597297,0.00156117,0.00500827,0.0335973,0.0661549	0.148076	0.484755	0.336679	0.540493	111068
663	quantile_bins	0.000113976,0.000286641,0.000699838,0.00168952,0.00513881,0.0146222,0.0394327	0.225573	0.517631	0.292058	0.549774	111068
664	quantile_bins	0.000226814,0.00049615,0.00114244,0.00271262,0.00800552,0.022523,0.0637294	0.243142	0.519793	0.276651	0.552124	111068
665	signed_cbrt		0.797688	0.885252	0.087563	0.853021	111068
666	log1p		0.263589	0.532459	0.268870	0.575789	111068
667	quantile_bins	5.49717e-05,0.000161859,0.000393223,0.000933373,0.00269795,0.0577454,0.30138	0.028515	0.432324	0.403809	0.517870	111068
668	winsor_p99	0.000280091,0.181384	0.863240	0.872879	0.009638	0.804265	111068
669	quantile_bins	0.00577222,0.011099,0.0191424,0.031335,0.0541599,0.153286,0.274564	0.159295	0.460963	0.301669	0.544961	111068
670	log1p		0.285535	0.442250	0.156715	0.490805	111068
671	quantile_bins	0.000274987,0.000649925,0.0015402,0.00365174,0.0109681,0.040724,0.0776137	0.202864	0.489678	0.286815	0.527265	111068
672	signed_cbrt		0.685287	0.699332	0.014046	0.710241	111068
673	signed_cbrt		0.709027	0.718349	0.009322	0.729024	111068
674	quantile_bins	0.000118015,0.000360863,0.000972642,0.00250026,0.00785021,0.0292592,0.0591877	0.189296	0.508673	0.319376	0.547652	111068
675	signed_cbrt		0.790340	0.868774	0.078434	0.846369	111068
676	log1p		0.328275	0.550275	0.222000	0.592423	111068
677	quantile_bins	5.4281e-05,0.000162679,0.000395691,0.000902114,0.00267044,0.0542157,0.328828	0.029990	0.432837	0.402847	0.515613	111068
678	quantile_bins	6.01166e-05,0.00017809,0.000481053,0.00125705,0.00410339,0.0350251,0.0685552	0.131183	0.478548	0.347365	0.541938	111068
679	signed_cbrt		0.799141	0.889816	0.090675	0.852805	111068
680	log1p		0.241778	0.527784	0.286006	0.573915	111068
681	quantile_bins	5.47037e-05,0.000160222,0.000391455,0.000945742,0.00271354,0.0586931,0.294146	0.028493	0.432010	0.403517	0.517922	111068
682	quantile_bins	0.00451731,0.00807299,0.0129138,0.0199436,0.0349917,0.150306,0.325071	0.070627	0.439241	0.368614	0.523826	111068
683	yeo_johnson	-5.95069	0.080407	0.101918	0.021510	0.084293	111068
684	log1p		0.695712	0.697235	0.001523	0.668060	111068
685	quantile_bins	0.00520986,0.0093251,0.0149584,0.0229321,0.0394647,0.165203,0.356242	0.073190	0.436098	0.362908	0.521219	111068
686	quantile_bins	0.00304916,0.00554338,0.0089039,0.0139639,0.0248003,0.113923,0.246255	0.065106	0.440591	0.375485	0.521580	111068
687	clip_then_log1p	0.0019997	0.560300	0.560327	0.000027	0.647980	111068
688	quantile_bins	0.00270691,0.00496122,0.00819283,0.0124546,0.0210476,0.0694697,0.142398	0.088091	0.429916	0.341825	0.495513	111068
689	signed_cbrt		0.613861	0.618550	0.004690	0.655141	111068
690	signed_cbrt		0.260814	0.630968	0.370153	0.655701	111068
691	quantile_bins	2.34579e-05,0.000394775,0.00220615,0.00585837,0.0161821,0.125749,0.435373	0.006852	0.300405	0.293553	0.352314	111068
692	quantile_bins	7.25181e-05,0.000283755,0.000928226,0.00241774,0.00757902,0.085159,0.241392	0.020365	0.313413	0.293048	0.364830	111068
693	quantile_bins	0.000147605,0.000387465,0.00127119,0.00329746,0.0103642,0.122831,0.310407	0.025153	0.311903	0.286750	0.364985	111068
694	quantile_bins	0,0.000984041,0.00530453,0.0128792,0.0301358,0.122649,0.394003	0.001374	0.285189	0.283815	0.335220	111068
695	winsor_p99	0,0.0889324	0.552371	0.568701	0.016330	0.494407	111068
696	quantile_bins	5.45495e-14,5.18432e-05,0.000286242,0.000773609,0.00237422,0.11125,0.413337	0.058802	0.298916	0.240114	0.362537	111068
697	quantile_bins	2.32019e-12,0.00758555,0.0212437,0.0386612,0.0708735,0.201899,0.515515	0.047218	0.258792	0.211574	0.320768	111068
698	clip_then_log1p	0.019251	0.471615	0.484550	0.012934	0.426796	111068
699	clip_then_log1p	0.0701852	0.518404	0.541338	0.022935	0.438463	111068
700	quantile_bins	0.000249708,0.000635659,0.00275385,0.00709902,0.0200471,0.158085,0.483296	0.003983	0.307371	0.303388	0.360151	111068
701	quantile_bins	0,0.0106556,0.036776,0.0672154,0.123875,0.309939,0.520703	0.136296	0.315069	0.178773	0.352457	111068
702	winsor_p99	1.26159e-10,0.111704	0.404926	0.472157	0.067231	0.454853	111068
703	quantile_bins	2.34292e-05,0.000390882,0.00221196,0.00584367,0.0160522,0.120008,0.418858	0.008773	0.298727	0.289954	0.350919	111068
704	quantile_bins	0,0.000970825,0.00538511,0.013022,0.0302118,0.117917,0.389608	0.001719	0.283183	0.281464	0.333553	111068
705	winsor_p99	0,0.081001	0.564834	0.577446	0.012612	0.493504	111068
706	quantile_bins	5.45495e-14,4.84335e-05,0.000269911,0.000736355,0.00224851,0.108228,0.426482	0.058685	0.298595	0.239910	0.362366	111068
707	quantile_bins	2.34973e-05,0.000424122,0.00225953,0.00611746,0.0171137,0.142277,0.478478	0.002099	0.303302	0.301203	0.356223	111068
708	quantile_bins	0,0.00103919,0.00542217,0.0130248,0.0306577,0.131654,0.408424	0.003106	0.291257	0.288151	0.340887	111068
709	winsor_p99	0,0.0553048	0.531460	0.575657	0.044198	0.503389	111068
710	quantile_bins	5.45591e-14,6.01893e-05,0.000316645,0.000847037,0.00264871,0.113886,0.392473	0.059270	0.300653	0.241383	0.364004	111068
711	quantile_bins	8.48861e-08,0.00474632,0.0116724,0.0201868,0.0352981,0.212089,0.432453	0.007600	0.296328	0.288728	0.359476	111068
712	clip_then_log1p	0.999998	0.122451	0.142872	0.020421	0.132528	111068
713	winsor_p99	0.00396145,0.22159	0.153573	0.346033	0.192460	0.371777	111068
714	quantile_bins	8.48861e-08,0.00483956,0.0119231,0.0205671,0.0360815,0.215958,0.436293	0.008976	0.295877	0.286900	0.359081	111068
715	quantile_bins	8.4886e-08,0.00437927,0.0108136,0.0187917,0.032681,0.200671,0.418707	0.002879	0.297355	0.294476	0.360349	111068
716	winsor_p99	0.0109103,0.0534862	0.000587	0.125433	0.124846	0.211815	111068
717	winsor_p99	1.57539e-06,0.0226901	0.119110	0.438893	0.319783	0.383017	111068
718	quantile_bins	9.56598e-07,0.00990723,0.0248062,0.0373552,0.0551214,0.114798,0.297919	0.004913	0.217035	0.212122	0.300084	111068
719	winsor_p99	7.88046e-05,0.0213877	0.008711	0.321757	0.313046	0.361307	111068
