feat_idx	best_transform	params_csv
0	identity	
1	identity	
2	identity	
3	identity	
4	identity	
5	identity	
6	identity	
7	identity	
8	identity	
9	winsor_p99	4.04794e-07,4.9929e-05
10	identity	
11	identity	
12	winsor_p99	0.0,0.318713
13	identity	
14	identity	
15	identity	
16	identity	
17	identity	
18	identity	
19	identity	
20	identity	
21	identity	
22	signed_cbrt	
23	identity	
24	identity	
25	identity	
26	identity	
27	identity	
28	identity	
29	identity	
30	identity	
31	identity	
32	identity	
33	identity	
34	identity	
35	winsor_p99	4.23601e-16,0.000101019
36	identity	
37	identity	
38	signed_cbrt	
39	identity	
40	identity	
41	identity	
42	identity	
43	identity	
44	identity	
45	identity	
46	identity	
47	identity	
48	winsor_p99	4.53039e-15,0.000103628
49	identity	
50	identity	
51	winsor_p99	0.0,0.381636
52	identity	
53	identity	
54	identity	
55	identity	
56	identity	
57	identity	
58	identity	
59	identity	
60	identity	
61	signed_cbrt	
62	identity	
63	identity	
64	winsor_p99	0.0,0.000272277
65	identity	
66	identity	
67	identity	
68	identity	
69	identity	
70	identity	
71	identity	
72	identity	
73	identity	
74	winsor_p99	3.01356e-16,8.6061e-05
75	identity	
76	identity	
77	winsor_p99	0.0,0.285164
78	identity	
79	identity	
80	identity	
81	identity	
82	identity	
83	identity	
84	identity	
85	identity	
86	identity	
87	winsor_p99	1.33566e-15,7.64692e-05
88	identity	
89	identity	
90	winsor_p99	0.0,0.442516
91	signed_cbrt	
92	signed_cbrt	
93	signed_cbrt	
94	identity	
95	winsor_p99	0.000610845,0.0131861
96	winsor_p99	0.000119094,0.0137795
97	identity	
98	identity	
99	identity	
100	winsor_p99	1.46128e-06,0.000106967
101	identity	
102	winsor_p99	0.0,0.0443022
103	winsor_p99	0.0,0.0600395
104	identity	
105	identity	
106	identity	
107	identity	
108	identity	
109	identity	
110	identity	
111	identity	
112	identity	
113	winsor_p99	2.55688e-16,6.55178e-05
114	identity	
115	identity	
116	winsor_p99	0.0,0.329577
117	identity	
118	winsor_p99	1.4128e-05,0.0366709
119	winsor_p99	5.98459e-06,0.0301378
120	identity	
121	identity	
122	identity	
123	identity	
124	identity	
125	identity	
126	winsor_p99	5.45232e-16,5.2143e-05
127	identity	
128	identity	
129	winsor_p99	0.0,0.203516
130	signed_cbrt	
131	signed_cbrt	
132	signed_cbrt	
133	winsor_p99	3.24358e-05,0.00573569
134	winsor_p99	0.000331953,0.00794472
135	winsor_p99	0.000199307,0.00491572
136	identity	
137	signed_cbrt	
138	identity	
139	winsor_p99	4.06965e-07,4.32286e-05
140	identity	
141	winsor_p99	0.0,0.0431522
142	winsor_p99	0.0,0.0740237
143	identity	
144	winsor_p99	3.92265e-05,0.0499891
145	identity	
146	identity	
147	identity	
148	identity	
149	identity	
150	identity	
151	identity	
152	winsor_p99	2.44617e-16,4.53981e-05
153	identity	
154	identity	
155	winsor_p99	0.0,0.163769
156	identity	
157	identity	
158	identity	
159	identity	
160	identity	
161	identity	
162	identity	
163	identity	
164	identity	
165	identity	
166	identity	
167	identity	
168	identity	
169	identity	
170	identity	
171	identity	
172	identity	
173	identity	
174	identity	
175	identity	
176	identity	
177	identity	
178	identity	
179	identity	
180	identity	
181	identity	
182	identity	
183	identity	
184	identity	
185	identity	
186	identity	
187	identity	
188	identity	
189	identity	
190	identity	
191	identity	
192	identity	
193	identity	
194	identity	
195	identity	
196	identity	
197	identity	
198	identity	
199	identity	
200	identity	
201	identity	
202	identity	
203	identity	
204	identity	
205	identity	
206	identity	
207	identity	
208	identity	
209	identity	
210	identity	
211	identity	
212	identity	
213	identity	
214	identity	
215	identity	
216	identity	
217	identity	
218	identity	
219	identity	
220	identity	
221	identity	
222	identity	
223	identity	
224	identity	
225	identity	
226	identity	
227	identity	
228	identity	
229	identity	
230	identity	
231	identity	
232	identity	
233	identity	
234	identity	
235	identity	
236	identity	
237	identity	
238	identity	
239	identity	
240	identity	
241	identity	
242	identity	
243	identity	
244	identity	
245	identity	
246	identity	
247	identity	
248	identity	
249	identity	
250	identity	
251	identity	
252	identity	
253	identity	
254	identity	
255	identity	
256	identity	
257	identity	
258	identity	
259	identity	
260	identity	
261	identity	
262	identity	
263	identity	
264	identity	
265	identity	
266	identity	
267	identity	
268	identity	
269	identity	
270	identity	
271	identity	
272	identity	
273	identity	
274	identity	
275	identity	
276	identity	
277	identity	
278	identity	
279	identity	
280	identity	
281	identity	
282	identity	
283	identity	
284	identity	
285	identity	
286	identity	
287	identity	
288	identity	
289	identity	
290	identity	
291	identity	
292	identity	
293	identity	
294	identity	
295	identity	
296	identity	
297	identity	
298	identity	
299	identity	
300	identity	
301	identity	
302	identity	
303	identity	
304	identity	
305	identity	
306	identity	
307	identity	
308	identity	
309	identity	
310	identity	
311	identity	
312	identity	
313	identity	
314	identity	
315	identity	
316	identity	
317	identity	
318	identity	
319	identity	
320	identity	
321	identity	
322	identity	
323	identity	
324	identity	
325	identity	
326	identity	
327	identity	
328	identity	
329	identity	
330	identity	
331	identity	
332	identity	
333	identity	
334	identity	
335	identity	
336	identity	
337	identity	
338	identity	
339	identity	
340	identity	
341	identity	
342	identity	
343	identity	
344	identity	
345	identity	
346	identity	
347	identity	
348	identity	
349	identity	
350	identity	
351	identity	
352	identity	
353	identity	
354	identity	
355	identity	
356	identity	
357	identity	
358	identity	
359	identity	
360	identity	
361	identity	
362	identity	
363	identity	
364	identity	
365	identity	
366	identity	
367	identity	
368	identity	
369	identity	
370	identity	
371	identity	
372	identity	
373	identity	
374	identity	
375	identity	
376	identity	
377	identity	
378	identity	
379	identity	
380	identity	
381	identity	
382	identity	
383	identity	
384	identity	
385	identity	
386	identity	
387	identity	
388	identity	
389	identity	
390	identity	
391	identity	
392	identity	
393	identity	
394	identity	
395	identity	
396	identity	
397	identity	
398	identity	
399	identity	
400	identity	
401	identity	
402	identity	
403	identity	
404	identity	
405	identity	
406	identity	
407	identity	
408	identity	
409	identity	
410	identity	
411	identity	
412	identity	
413	identity	
414	identity	
415	identity	
416	identity	
417	identity	
418	identity	
419	identity	
420	identity	
421	identity	
422	identity	
423	identity	
424	identity	
425	identity	
426	identity	
427	identity	
428	identity	
429	identity	
430	identity	
431	identity	
432	identity	
433	identity	
434	identity	
435	identity	
436	identity	
437	identity	
438	identity	
439	identity	
440	identity	
441	identity	
442	identity	
443	identity	
444	identity	
445	identity	
446	identity	
447	identity	
448	identity	
449	identity	
450	identity	
451	identity	
452	identity	
453	identity	
454	identity	
455	identity	
456	identity	
457	identity	
458	identity	
459	identity	
460	identity	
461	identity	
462	identity	
463	identity	
464	identity	
465	identity	
466	identity	
467	identity	
468	identity	
469	identity	
470	identity	
471	identity	
472	identity	
473	identity	
474	identity	
475	identity	
476	identity	
477	identity	
478	identity	
479	identity	
480	identity	
481	identity	
482	identity	
483	identity	
484	identity	
485	identity	
486	identity	
487	identity	
488	identity	
489	identity	
490	identity	
491	identity	
492	identity	
493	identity	
494	identity	
495	identity	
496	identity	
497	identity	
498	identity	
499	identity	
500	identity	
501	identity	
502	identity	
503	identity	
504	identity	
505	identity	
506	identity	
507	identity	
508	identity	
509	identity	
510	identity	
511	identity	
512	identity	
513	identity	
514	identity	
515	identity	
516	identity	
517	identity	
518	identity	
519	identity	
520	identity	
521	identity	
522	identity	
523	identity	
524	identity	
525	identity	
526	identity	
527	identity	
528	identity	
529	identity	
530	identity	
531	identity	
532	identity	
533	identity	
534	identity	
535	identity	
536	identity	
537	identity	
538	identity	
539	identity	
540	identity	
541	identity	
542	identity	
543	identity	
544	identity	
545	identity	
546	identity	
547	identity	
548	identity	
549	identity	
550	identity	
551	identity	
552	identity	
553	identity	
554	identity	
555	identity	
556	identity	
557	identity	
558	identity	
559	identity	
560	identity	
561	identity	
562	identity	
563	identity	
564	identity	
565	identity	
566	identity	
567	identity	
568	identity	
569	identity	
570	identity	
571	identity	
572	identity	
573	identity	
574	identity	
575	identity	
576	identity	
577	identity	
578	identity	
579	identity	
580	identity	
581	identity	
582	identity	
583	identity	
584	identity	
585	identity	
586	identity	
587	identity	
588	identity	
589	identity	
590	identity	
591	identity	
592	identity	
593	identity	
594	identity	
595	identity	
596	identity	
597	identity	
598	identity	
599	identity	
600	identity	
601	identity	
602	identity	
603	identity	
604	identity	
605	identity	
606	identity	
607	identity	
608	identity	
609	identity	
610	identity	
611	identity	
612	identity	
613	identity	
614	identity	
615	identity	
616	identity	
617	identity	
618	identity	
619	identity	
620	identity	
621	identity	
622	identity	
623	identity	
624	identity	
625	identity	
626	identity	
627	identity	
628	identity	
629	identity	
630	identity	
631	identity	
632	identity	
633	identity	
634	identity	
635	identity	
636	identity	
637	identity	
638	identity	
639	identity	
640	identity	
641	identity	
642	identity	
643	identity	
644	identity	
645	identity	
646	identity	
647	identity	
648	identity	
649	identity	
650	identity	
651	identity	
652	identity	
653	identity	
654	identity	
655	identity	
656	identity	
657	identity	
658	identity	
659	identity	
660	identity	
661	identity	
662	identity	
663	identity	
664	identity	
665	identity	
666	identity	
667	identity	
668	identity	
669	identity	
670	identity	
671	identity	
672	identity	
673	identity	
674	identity	
675	identity	
676	identity	
677	identity	
678	identity	
679	identity	
680	identity	
681	identity	
682	identity	
683	identity	
684	identity	
685	identity	
686	identity	
687	identity	
688	identity	
689	identity	
690	identity	
691	identity	
692	identity	
693	identity	
694	identity	
695	identity	
696	identity	
697	identity	
698	identity	
699	identity	
700	identity	
701	identity	
702	identity	
703	identity	
704	identity	
705	identity	
706	identity	
707	identity	
708	identity	
709	identity	
710	identity	
711	identity	
712	identity	
713	identity	
714	identity	
715	identity	
716	identity	
717	identity	
718	identity	
719	identity	
720	identity	
721	identity	
722	identity	
723	identity	
724	identity	
725	identity	
726	identity	
727	identity	
728	identity	
729	identity	
730	identity	
731	identity	
732	identity	
733	identity	
734	identity	
735	identity	
736	identity	
737	identity	
738	identity	
739	identity	
740	identity	
741	identity	
742	identity	
743	identity	
744	identity	
745	identity	
746	identity	
747	identity	
748	identity	
749	identity	
750	identity	
751	identity	
752	identity	
753	identity	
754	identity	
755	identity	
756	identity	
757	identity	
758	identity	
759	identity	
760	identity	
761	identity	
762	identity	
763	identity	
764	identity	
765	identity	
766	identity	
767	identity	
768	identity	
769	identity	
770	identity	
771	identity	
772	identity	
773	identity	
774	identity	
775	identity	
776	identity	
777	identity	
778	identity	
779	identity	
780	identity	
781	identity	
782	identity	
783	identity	
784	identity	
785	identity	
786	identity	
787	identity	
788	identity	
789	identity	
790	identity	
791	identity	
792	identity	
793	identity	
794	identity	
795	identity	
796	identity	
797	identity	
798	identity	
799	identity	
800	identity	
801	identity	
802	identity	
803	identity	
804	identity	
805	identity	
806	identity	
807	identity	
808	identity	
809	identity	
810	identity	
811	identity	
812	identity	
813	identity	
814	identity	
815	identity	
816	identity	
817	identity	
818	identity	
819	identity	
820	identity	
821	identity	
822	identity	
823	identity	
824	identity	
825	identity	
826	identity	
827	identity	
828	identity	
829	identity	
830	identity	
831	identity	
832	identity	
833	identity	
834	identity	
835	identity	
836	identity	
837	identity	
838	identity	
839	identity	
840	identity	
841	identity	
842	identity	
843	identity	
844	identity	
845	identity	
846	identity	
847	identity	
848	identity	
849	identity	
850	identity	
851	identity	
852	identity	
853	identity	
854	identity	
855	identity	
856	identity	
857	identity	
858	identity	
859	identity	
860	identity	
861	identity	
862	identity	
863	identity	
864	identity	
865	identity	
866	identity	
867	identity	
868	identity	
869	identity	
870	identity	
871	identity	
872	identity	
873	identity	
874	identity	
875	identity	
876	identity	
877	identity	
878	identity	
879	identity	
880	identity	
881	identity	
882	identity	
883	identity	
884	identity	
885	identity	
886	identity	
887	identity	
888	identity	
889	identity	
890	identity	
891	identity	
892	identity	
893	identity	
894	identity	
895	identity	
896	identity	
897	identity	
898	identity	
899	identity	
900	identity	
901	identity	
902	identity	
903	identity	
904	identity	
905	identity	
906	identity	
907	identity	
908	identity	
909	identity	
910	identity	
911	identity	
912	identity	
913	identity	
914	identity	
915	identity	
916	identity	
917	identity	
918	identity	
919	identity	
920	identity	
921	identity	
922	identity	
923	identity	
924	identity	
925	identity	
926	identity	
927	identity	
928	identity	
929	identity	
930	identity	
931	identity	
932	identity	
933	identity	
934	identity	
935	identity	
936	identity	
937	identity	
938	identity	
939	identity	
940	identity	
941	identity	
942	identity	
943	identity	
