radius	build	tree	size	threads	start	min_ms	rss_kb
5	x5a	6306303ec5e1	1152	1	1	63.10	41316
5	x5a	6306303ec5e1	1152	16	1	20.63	91548
5	x5a	6306303ec5e1	2304	1	1	363.31	100032
5	x5a	6306303ec5e1	2304	16	1	104.14	188084
5	x5b	6306303ec5e1	1152	1	1	64.01	41272
5	x5b	6306303ec5e1	1152	16	1	20.77	92340
5	x5b	6306303ec5e1	2304	1	1	357.97	100028
5	x5b	6306303ec5e1	2304	16	1	105.23	191340
4	x4a	6306303ec5e1	1152	1	1	62.19	40744
4	x4a	6306303ec5e1	1152	16	1	20.02	91756
4	x4a	6306303ec5e1	2304	1	1	357.82	98764
4	x4a	6306303ec5e1	2304	16	1	105.08	188288
4	x4b	6306303ec5e1	1152	1	1	62.77	40648
4	x4b	6306303ec5e1	1152	16	1	20.41	89876
4	x4b	6306303ec5e1	2304	1	1	339.73	98776
4	x4b	6306303ec5e1	2304	16	1	102.81	189820
3	x3a	6306303ec5e1	1152	1	1	62.64	41152
3	x3a	6306303ec5e1	1152	16	1	20.08	86800
3	x3a	6306303ec5e1	2304	1	1	345.57	97260
3	x3a	6306303ec5e1	2304	16	1	100.56	186020
3	x3b	6306303ec5e1	1152	1	1	62.52	41048
3	x3b	6306303ec5e1	1152	16	1	20.46	87624
3	x3b	6306303ec5e1	2304	1	1	320.53	97184
3	x3b	6306303ec5e1	2304	16	1	100.68	184420
2	x2a	6306303ec5e1	1152	1	1	61.60	40476
2	x2a	6306303ec5e1	1152	16	1	19.34	85400
2	x2a	6306303ec5e1	2304	1	1	318.17	96032
2	x2a	6306303ec5e1	2304	16	1	96.91	179228
2	x2b	6306303ec5e1	1152	1	1	61.69	40576
2	x2b	6306303ec5e1	1152	16	1	19.80	85284
2	x2b	6306303ec5e1	2304	1	1	320.13	96012
2	x2b	6306303ec5e1	2304	16	1	99.48	177924
5	x5a	6306303ec5e1	1152	1	2	63.35	41300
5	x5a	6306303ec5e1	1152	16	2	20.68	91488
5	x5a	6306303ec5e1	2304	1	2	336.28	100104
5	x5a	6306303ec5e1	2304	16	2	108.94	193464
5	x5b	6306303ec5e1	1152	1	2	63.61	41344
5	x5b	6306303ec5e1	1152	16	2	20.41	92460
5	x5b	6306303ec5e1	2304	1	2	360.93	100044
5	x5b	6306303ec5e1	2304	16	2	107.08	191040
4	x4a	6306303ec5e1	1152	1	2	61.96	40812
4	x4a	6306303ec5e1	1152	16	2	20.53	90700
4	x4a	6306303ec5e1	2304	1	2	335.05	98832
4	x4a	6306303ec5e1	2304	16	2	106.18	192264
4	x4b	6306303ec5e1	1152	1	2	61.93	40600
4	x4b	6306303ec5e1	1152	16	2	20.65	89732
4	x4b	6306303ec5e1	2304	1	2	333.00	98704
4	x4b	6306303ec5e1	2304	16	2	107.03	187880
3	x3a	6306303ec5e1	1152	1	2	62.51	41104
3	x3a	6306303ec5e1	1152	16	2	19.77	86508
3	x3a	6306303ec5e1	2304	1	2	314.07	97292
3	x3a	6306303ec5e1	2304	16	2	101.61	184000
3	x3b	6306303ec5e1	1152	1	2	62.62	41064
3	x3b	6306303ec5e1	1152	16	2	19.75	90004
3	x3b	6306303ec5e1	2304	1	2	340.02	97236
3	x3b	6306303ec5e1	2304	16	2	102.51	184384
2	x2a	6306303ec5e1	1152	1	2	61.64	40500
2	x2a	6306303ec5e1	1152	16	2	19.72	86132
2	x2a	6306303ec5e1	2304	1	2	340.22	96016
2	x2a	6306303ec5e1	2304	16	2	101.15	183180
2	x2b	6306303ec5e1	1152	1	2	61.75	40480
2	x2b	6306303ec5e1	1152	16	2	19.87	89924
2	x2b	6306303ec5e1	2304	1	2	320.61	95880
2	x2b	6306303ec5e1	2304	16	2	100.14	183020
5	x5a	6306303ec5e1	1152	1	3	63.61	41248
5	x5a	6306303ec5e1	1152	16	3	20.31	92956
5	x5a	6306303ec5e1	2304	1	3	337.23	100076
5	x5a	6306303ec5e1	2304	16	3	106.07	191008
5	x5b	6306303ec5e1	1152	1	3	64.72	41316
5	x5b	6306303ec5e1	1152	16	3	21.66	90208
5	x5b	6306303ec5e1	2304	1	3	337.62	100016
5	x5b	6306303ec5e1	2304	16	3	106.37	193216
4	x4a	6306303ec5e1	1152	1	3	61.86	40688
4	x4a	6306303ec5e1	1152	16	3	20.28	90028
4	x4a	6306303ec5e1	2304	1	3	357.59	98780
4	x4a	6306303ec5e1	2304	16	3	104.29	187352
4	x4b	6306303ec5e1	1152	1	3	62.00	40636
4	x4b	6306303ec5e1	1152	16	3	20.35	87868
4	x4b	6306303ec5e1	2304	1	3	333.85	98828
4	x4b	6306303ec5e1	2304	16	3	105.29	189588
3	x3a	6306303ec5e1	1152	1	3	62.51	41120
3	x3a	6306303ec5e1	1152	16	3	19.55	87872
3	x3a	6306303ec5e1	2304	1	3	319.75	97304
3	x3a	6306303ec5e1	2304	16	3	102.13	181772
3	x3b	6306303ec5e1	1152	1	3	62.59	41112
3	x3b	6306303ec5e1	1152	16	3	20.29	90292
3	x3b	6306303ec5e1	2304	1	3	322.06	97084
3	x3b	6306303ec5e1	2304	16	3	101.33	182036
2	x2a	6306303ec5e1	1152	1	3	61.80	40508
2	x2a	6306303ec5e1	1152	16	3	19.74	88000
2	x2a	6306303ec5e1	2304	1	3	317.99	95932
2	x2a	6306303ec5e1	2304	16	3	98.16	183980
2	x2b	6306303ec5e1	1152	1	3	61.68	40500
2	x2b	6306303ec5e1	1152	16	3	19.72	84764
2	x2b	6306303ec5e1	2304	1	3	339.94	96012
2	x2b	6306303ec5e1	2304	16	3	98.92	182988
5	x5a	6306303ec5e1	1152	1	4	63.45	41336
5	x5a	6306303ec5e1	1152	16	4	20.42	91980
5	x5a	6306303ec5e1	2304	1	4	377.80	100064
5	x5a	6306303ec5e1	2304	16	4	112.88	191824
5	x5b	6306303ec5e1	1152	1	4	63.98	41204
5	x5b	6306303ec5e1	1152	16	4	20.54	92880
5	x5b	6306303ec5e1	2304	1	4	345.25	100096
5	x5b	6306303ec5e1	2304	16	4	112.67	193836
4	x4a	6306303ec5e1	1152	1	4	65.62	40720
4	x4a	6306303ec5e1	1152	16	4	20.47	89960
4	x4a	6306303ec5e1	2304	1	4	334.37	98800
4	x4a	6306303ec5e1	2304	16	4	114.23	186712
4	x4b	6306303ec5e1	1152	1	4	62.65	40660
4	x4b	6306303ec5e1	1152	16	4	20.82	89904
4	x4b	6306303ec5e1	2304	1	4	338.45	98792
4	x4b	6306303ec5e1	2304	16	4	113.98	189972
3	x3a	6306303ec5e1	1152	1	4	62.81	41064
3	x3a	6306303ec5e1	1152	16	4	19.64	86028
3	x3a	6306303ec5e1	2304	1	4	333.58	97356
3	x3a	6306303ec5e1	2304	16	4	112.41	186000
3	x3b	6306303ec5e1	1152	1	4	67.30	41104
3	x3b	6306303ec5e1	1152	16	4	21.35	86872
3	x3b	6306303ec5e1	2304	1	4	358.71	97200
3	x3b	6306303ec5e1	2304	16	4	110.99	185276
2	x2a	6306303ec5e1	1152	1	4	64.24	40576
2	x2a	6306303ec5e1	1152	16	4	20.97	85816
2	x2a	6306303ec5e1	2304	1	4	335.43	96080
2	x2a	6306303ec5e1	2304	16	4	108.03	181632
2	x2b	6306303ec5e1	1152	1	4	62.64	40412
2	x2b	6306303ec5e1	1152	16	4	20.52	85580
2	x2b	6306303ec5e1	2304	1	4	331.21	96032
2	x2b	6306303ec5e1	2304	16	4	106.55	180636
5	x5a	6306303ec5e1	1152	1	5	66.87	41408
5	x5a	6306303ec5e1	1152	16	5	21.14	90408
5	x5a	6306303ec5e1	2304	1	5	344.35	100084
5	x5a	6306303ec5e1	2304	16	5	113.08	193732
5	x5b	6306303ec5e1	1152	1	5	68.00	41316
5	x5b	6306303ec5e1	1152	16	5	20.77	92100
5	x5b	6306303ec5e1	2304	1	5	348.37	100080
5	x5b	6306303ec5e1	2304	16	5	112.93	193372
4	x4a	6306303ec5e1	1152	1	5	63.90	40592
4	x4a	6306303ec5e1	1152	16	5	20.43	90656
4	x4a	6306303ec5e1	2304	1	5	339.68	98796
4	x4a	6306303ec5e1	2304	16	5	114.92	189812
4	x4b	6306303ec5e1	1152	1	5	63.15	40676
4	x4b	6306303ec5e1	1152	16	5	20.41	89288
4	x4b	6306303ec5e1	2304	1	5	339.88	98896
4	x4b	6306303ec5e1	2304	16	5	119.12	189272
3	x3a	6306303ec5e1	1152	1	5	63.94	40972
3	x3a	6306303ec5e1	1152	16	5	19.99	88108
3	x3a	6306303ec5e1	2304	1	5	372.30	97280
3	x3a	6306303ec5e1	2304	16	5	104.30	186316
3	x3b	6306303ec5e1	1152	1	5	63.34	41088
3	x3b	6306303ec5e1	1152	16	5	20.51	86664
3	x3b	6306303ec5e1	2304	1	5	347.97	97256
3	x3b	6306303ec5e1	2304	16	5	109.15	184068
2	x2a	6306303ec5e1	1152	1	5	63.18	40532
2	x2a	6306303ec5e1	1152	16	5	20.11	85324
2	x2a	6306303ec5e1	2304	1	5	352.78	96020
2	x2a	6306303ec5e1	2304	16	5	99.11	178936
2	x2b	6306303ec5e1	1152	1	5	62.04	40472
2	x2b	6306303ec5e1	1152	16	5	19.59	87168
2	x2b	6306303ec5e1	2304	1	5	339.51	96060
2	x2b	6306303ec5e1	2304	16	5	102.01	180228
5	x5a	6306303ec5e1	1152	1	6	63.73	41228
5	x5a	6306303ec5e1	1152	16	6	20.51	91036
5	x5a	6306303ec5e1	2304	1	6	339.71	100064
5	x5a	6306303ec5e1	2304	16	6	116.57	193104
5	x5b	6306303ec5e1	1152	1	6	66.20	41320
5	x5b	6306303ec5e1	1152	16	6	21.41	90180
5	x5b	6306303ec5e1	2304	1	6	376.94	100092
5	x5b	6306303ec5e1	2304	16	6	117.69	192880
4	x4a	6306303ec5e1	1152	1	6	63.20	40740
4	x4a	6306303ec5e1	1152	16	6	20.52	89264
4	x4a	6306303ec5e1	2304	1	6	355.58	98772
4	x4a	6306303ec5e1	2304	16	6	104.89	189588
4	x4b	6306303ec5e1	1152	1	6	62.07	40584
4	x4b	6306303ec5e1	1152	16	6	20.10	88836
4	x4b	6306303ec5e1	2304	1	6	359.90	98792
4	x4b	6306303ec5e1	2304	16	6	104.47	185484
3	x3a	6306303ec5e1	1152	1	6	62.72	41112
3	x3a	6306303ec5e1	1152	16	6	20.36	88620
3	x3a	6306303ec5e1	2304	1	6	346.15	97364
3	x3a	6306303ec5e1	2304	16	6	99.09	188208
3	x3b	6306303ec5e1	1152	1	6	62.69	41132
3	x3b	6306303ec5e1	1152	16	6	19.74	88616
3	x3b	6306303ec5e1	2304	1	6	325.07	97284
3	x3b	6306303ec5e1	2304	16	6	101.68	182340
2	x2a	6306303ec5e1	1152	1	6	61.64	40544
2	x2a	6306303ec5e1	1152	16	6	19.53	88200
2	x2a	6306303ec5e1	2304	1	6	321.19	95996
2	x2a	6306303ec5e1	2304	16	6	97.53	179992
2	x2b	6306303ec5e1	1152	1	6	61.72	40472
2	x2b	6306303ec5e1	1152	16	6	19.15	86812
2	x2b	6306303ec5e1	2304	1	6	341.91	95980
2	x2b	6306303ec5e1	2304	16	6	97.10	182996
5	x5a	6306303ec5e1	1152	1	7	63.37	41204
5	x5a	6306303ec5e1	1152	16	7	20.46	91360
5	x5a	6306303ec5e1	2304	1	7	358.56	100044
5	x5a	6306303ec5e1	2304	16	7	104.26	190904
5	x5b	6306303ec5e1	1152	1	7	63.30	41212
5	x5b	6306303ec5e1	1152	16	7	20.45	94728
5	x5b	6306303ec5e1	2304	1	7	338.03	100016
5	x5b	6306303ec5e1	2304	16	7	106.70	189672
4	x4a	6306303ec5e1	1152	1	7	61.94	40816
4	x4a	6306303ec5e1	1152	16	7	20.10	86972
4	x4a	6306303ec5e1	2304	1	7	334.72	98868
4	x4a	6306303ec5e1	2304	16	7	107.27	190580
4	x4b	6306303ec5e1	1152	1	7	64.66	40668
4	x4b	6306303ec5e1	1152	16	7	20.96	89644
4	x4b	6306303ec5e1	2304	1	7	335.49	98724
4	x4b	6306303ec5e1	2304	16	7	104.00	189728
3	x3a	6306303ec5e1	1152	1	7	62.50	41052
3	x3a	6306303ec5e1	1152	16	7	20.04	89668
3	x3a	6306303ec5e1	2304	1	7	347.01	97284
3	x3a	6306303ec5e1	2304	16	7	99.84	181548
3	x3b	6306303ec5e1	1152	1	7	62.79	41040
3	x3b	6306303ec5e1	1152	16	7	20.04	87724
3	x3b	6306303ec5e1	2304	1	7	320.55	97216
3	x3b	6306303ec5e1	2304	16	7	101.30	181632
2	x2a	6306303ec5e1	1152	1	7	61.97	40456
2	x2a	6306303ec5e1	1152	16	7	19.80	86904
2	x2a	6306303ec5e1	2304	1	7	342.52	95944
2	x2a	6306303ec5e1	2304	16	7	98.31	183328
2	x2b	6306303ec5e1	1152	1	7	61.67	40576
2	x2b	6306303ec5e1	1152	16	7	19.64	89968
2	x2b	6306303ec5e1	2304	1	7	333.28	96052
2	x2b	6306303ec5e1	2304	16	7	99.49	179864
5	x5a	6306303ec5e1	1152	1	8	63.11	41324
5	x5a	6306303ec5e1	1152	16	8	20.98	90160
5	x5a	6306303ec5e1	2304	1	8	359.04	99984
5	x5a	6306303ec5e1	2304	16	8	106.72	192144
5	x5b	6306303ec5e1	1152	1	8	63.67	41184
5	x5b	6306303ec5e1	1152	16	8	20.69	91500
5	x5b	6306303ec5e1	2304	1	8	330.75	100116
5	x5b	6306303ec5e1	2304	16	8	102.98	193172
4	x4a	6306303ec5e1	1152	1	8	62.18	40836
4	x4a	6306303ec5e1	1152	16	8	20.55	90252
4	x4a	6306303ec5e1	2304	1	8	335.73	98792
4	x4a	6306303ec5e1	2304	16	8	104.10	187488
4	x4b	6306303ec5e1	1152	1	8	62.26	40644
4	x4b	6306303ec5e1	1152	16	8	20.01	92480
4	x4b	6306303ec5e1	2304	1	8	333.67	98632
4	x4b	6306303ec5e1	2304	16	8	105.00	188112
3	x3a	6306303ec5e1	1152	1	8	62.71	40976
3	x3a	6306303ec5e1	1152	16	8	20.12	86792
3	x3a	6306303ec5e1	2304	1	8	323.79	97360
3	x3a	6306303ec5e1	2304	16	8	101.25	185028
3	x3b	6306303ec5e1	1152	1	8	62.89	41060
3	x3b	6306303ec5e1	1152	16	8	19.90	86564
3	x3b	6306303ec5e1	2304	1	8	327.97	97316
3	x3b	6306303ec5e1	2304	16	8	98.43	184732
2	x2a	6306303ec5e1	1152	1	8	61.90	40336
2	x2a	6306303ec5e1	1152	16	8	19.79	86756
2	x2a	6306303ec5e1	2304	1	8	333.75	96024
2	x2a	6306303ec5e1	2304	16	8	96.79	180660
2	x2b	6306303ec5e1	1152	1	8	62.12	40540
2	x2b	6306303ec5e1	1152	16	8	19.85	84820
2	x2b	6306303ec5e1	2304	1	8	318.45	96068
2	x2b	6306303ec5e1	2304	16	8	99.85	178520
5	x5a	6306303ec5e1	1152	1	9	63.54	41244
5	x5a	6306303ec5e1	1152	16	9	20.56	91452
5	x5a	6306303ec5e1	2304	1	9	336.67	100116
5	x5a	6306303ec5e1	2304	16	9	109.47	189776
5	x5b	6306303ec5e1	1152	1	9	63.35	41316
5	x5b	6306303ec5e1	1152	16	9	19.90	91088
5	x5b	6306303ec5e1	2304	1	9	337.27	100128
5	x5b	6306303ec5e1	2304	16	9	106.58	194304
4	x4a	6306303ec5e1	1152	1	9	62.10	40688
4	x4a	6306303ec5e1	1152	16	9	20.20	87808
4	x4a	6306303ec5e1	2304	1	9	353.95	98836
4	x4a	6306303ec5e1	2304	16	9	104.68	185340
4	x4b	6306303ec5e1	1152	1	9	62.17	40672
4	x4b	6306303ec5e1	1152	16	9	19.98	88724
4	x4b	6306303ec5e1	2304	1	9	359.08	98840
4	x4b	6306303ec5e1	2304	16	9	106.12	189556
3	x3a	6306303ec5e1	1152	1	9	62.34	41056
3	x3a	6306303ec5e1	1152	16	9	20.13	88580
3	x3a	6306303ec5e1	2304	1	9	344.78	97300
3	x3a	6306303ec5e1	2304	16	9	100.60	183476
3	x3b	6306303ec5e1	1152	1	9	62.76	41032
3	x3b	6306303ec5e1	1152	16	9	20.08	86628
3	x3b	6306303ec5e1	2304	1	9	344.25	97368
3	x3b	6306303ec5e1	2304	16	9	100.76	187684
2	x2a	6306303ec5e1	1152	1	9	61.61	40460
2	x2a	6306303ec5e1	1152	16	9	20.07	87064
2	x2a	6306303ec5e1	2304	1	9	317.88	95988
2	x2a	6306303ec5e1	2304	16	9	97.58	181704
2	x2b	6306303ec5e1	1152	1	9	61.72	40452
2	x2b	6306303ec5e1	1152	16	9	19.70	85812
2	x2b	6306303ec5e1	2304	1	9	340.58	96016
2	x2b	6306303ec5e1	2304	16	9	101.51	184648
5	x5a	6306303ec5e1	1152	1	10	64.36	41292
5	x5a	6306303ec5e1	1152	16	10	20.98	92256
5	x5a	6306303ec5e1	2304	1	10	363.43	100096
5	x5a	6306303ec5e1	2304	16	10	108.41	188984
5	x5b	6306303ec5e1	1152	1	10	63.64	41312
5	x5b	6306303ec5e1	1152	16	10	20.29	92408
5	x5b	6306303ec5e1	2304	1	10	337.53	100056
5	x5b	6306303ec5e1	2304	16	10	107.02	192476
4	x4a	6306303ec5e1	1152	1	10	62.31	40680
4	x4a	6306303ec5e1	1152	16	10	20.06	92764
4	x4a	6306303ec5e1	2304	1	10	353.07	98808
4	x4a	6306303ec5e1	2304	16	10	104.89	186400
4	x4b	6306303ec5e1	1152	1	10	62.75	40740
4	x4b	6306303ec5e1	1152	16	10	19.86	90164
4	x4b	6306303ec5e1	2304	1	10	343.56	98828
4	x4b	6306303ec5e1	2304	16	10	110.26	189556
3	x3a	6306303ec5e1	1152	1	10	64.91	41020
3	x3a	6306303ec5e1	1152	16	10	20.04	89572
3	x3a	6306303ec5e1	2304	1	10	343.68	97360
3	x3a	6306303ec5e1	2304	16	10	108.70	184004
3	x3b	6306303ec5e1	1152	1	10	62.97	41060
3	x3b	6306303ec5e1	1152	16	10	20.35	87476
3	x3b	6306303ec5e1	2304	1	10	359.32	97184
3	x3b	6306303ec5e1	2304	16	10	108.10	179916
2	x2a	6306303ec5e1	1152	1	10	62.16	40520
2	x2a	6306303ec5e1	1152	16	10	19.79	87592
2	x2a	6306303ec5e1	2304	1	10	354.96	96080
2	x2a	6306303ec5e1	2304	16	10	109.28	182508
2	x2b	6306303ec5e1	1152	1	10	64.05	40464
2	x2b	6306303ec5e1	1152	16	10	20.03	87552
2	x2b	6306303ec5e1	2304	1	10	320.47	96040
2	x2b	6306303ec5e1	2304	16	10	104.76	182348
5	x5a	6306303ec5e1	1152	1	11	66.18	41300
5	x5a	6306303ec5e1	1152	16	11	20.58	92492
5	x5a	6306303ec5e1	2304	1	11	365.41	100128
5	x5a	6306303ec5e1	2304	16	11	108.79	189544
5	x5b	6306303ec5e1	1152	1	11	64.78	41260
5	x5b	6306303ec5e1	1152	16	11	21.06	93088
5	x5b	6306303ec5e1	2304	1	11	340.14	100088
5	x5b	6306303ec5e1	2304	16	11	107.65	189028
4	x4a	6306303ec5e1	1152	1	11	63.60	40708
4	x4a	6306303ec5e1	1152	16	11	20.64	90696
4	x4a	6306303ec5e1	2304	1	11	378.44	98748
4	x4a	6306303ec5e1	2304	16	11	113.37	183424
4	x4b	6306303ec5e1	1152	1	11	64.51	40624
4	x4b	6306303ec5e1	1152	16	11	21.49	89092
4	x4b	6306303ec5e1	2304	1	11	359.08	98772
4	x4b	6306303ec5e1	2304	16	11	120.26	185440
3	x3a	6306303ec5e1	1152	1	11	66.53	40980
3	x3a	6306303ec5e1	1152	16	11	21.77	86296
3	x3a	6306303ec5e1	2304	1	11	350.12	97376
3	x3a	6306303ec5e1	2304	16	11	117.59	187532
3	x3b	6306303ec5e1	1152	1	11	64.75	40976
3	x3b	6306303ec5e1	1152	16	11	24.21	88612
3	x3b	6306303ec5e1	2304	1	11	332.37	97156
3	x3b	6306303ec5e1	2304	16	11	131.56	185992
2	x2a	6306303ec5e1	1152	1	11	64.66	40416
2	x2a	6306303ec5e1	1152	16	11	20.37	86608
2	x2a	6306303ec5e1	2304	1	11	371.93	96084
2	x2a	6306303ec5e1	2304	16	11	129.74	179540
2	x2b	6306303ec5e1	1152	1	11	63.53	40416
2	x2b	6306303ec5e1	1152	16	11	22.59	89476
2	x2b	6306303ec5e1	2304	1	11	352.89	96008
2	x2b	6306303ec5e1	2304	16	11	109.20	177552
5	x5a	6306303ec5e1	1152	1	12	69.35	41404
5	x5a	6306303ec5e1	1152	16	12	23.29	95188
5	x5a	6306303ec5e1	2304	1	12	363.48	100096
5	x5a	6306303ec5e1	2304	16	12	105.84	193624
5	x5b	6306303ec5e1	1152	1	12	63.39	41216
5	x5b	6306303ec5e1	1152	16	12	20.47	89340
5	x5b	6306303ec5e1	2304	1	12	338.71	100096
5	x5b	6306303ec5e1	2304	16	12	106.26	191160
4	x4a	6306303ec5e1	1152	1	12	62.17	40692
4	x4a	6306303ec5e1	1152	16	12	20.22	90560
4	x4a	6306303ec5e1	2304	1	12	356.82	98800
4	x4a	6306303ec5e1	2304	16	12	104.77	185680
4	x4b	6306303ec5e1	1152	1	12	62.03	40624
4	x4b	6306303ec5e1	1152	16	12	19.99	89900
4	x4b	6306303ec5e1	2304	1	12	356.75	98896
4	x4b	6306303ec5e1	2304	16	12	103.47	189096
3	x3a	6306303ec5e1	1152	1	12	62.50	41072
3	x3a	6306303ec5e1	1152	16	12	19.58	88412
3	x3a	6306303ec5e1	2304	1	12	343.62	97288
3	x3a	6306303ec5e1	2304	16	12	98.99	181068
3	x3b	6306303ec5e1	1152	1	12	62.66	41028
3	x3b	6306303ec5e1	1152	16	12	19.68	85120
3	x3b	6306303ec5e1	2304	1	12	323.34	97256
3	x3b	6306303ec5e1	2304	16	12	102.25	185072
2	x2a	6306303ec5e1	1152	1	12	61.67	40580
2	x2a	6306303ec5e1	1152	16	12	19.79	85868
2	x2a	6306303ec5e1	2304	1	12	319.20	96028
2	x2a	6306303ec5e1	2304	16	12	95.63	179928
2	x2b	6306303ec5e1	1152	1	12	61.62	40404
2	x2b	6306303ec5e1	1152	16	12	19.83	85808
2	x2b	6306303ec5e1	2304	1	12	315.16	96020
2	x2b	6306303ec5e1	2304	16	12	98.57	180456
5	x5a	6306303ec5e1	1152	1	13	63.37	41272
5	x5a	6306303ec5e1	1152	16	13	20.29	95760
5	x5a	6306303ec5e1	2304	1	13	338.01	100020
5	x5a	6306303ec5e1	2304	16	13	106.15	191388
5	x5b	6306303ec5e1	1152	1	13	63.31	41292
5	x5b	6306303ec5e1	1152	16	13	20.44	92080
5	x5b	6306303ec5e1	2304	1	13	337.92	99980
5	x5b	6306303ec5e1	2304	16	13	110.25	186240
4	x4a	6306303ec5e1	1152	1	13	62.47	40768
4	x4a	6306303ec5e1	1152	16	13	20.68	88784
4	x4a	6306303ec5e1	2304	1	13	363.91	98828
4	x4a	6306303ec5e1	2304	16	13	111.02	187420
4	x4b	6306303ec5e1	1152	1	13	63.15	40760
4	x4b	6306303ec5e1	1152	16	13	20.85	90968
4	x4b	6306303ec5e1	2304	1	13	364.06	98800
4	x4b	6306303ec5e1	2304	16	13	114.44	190652
3	x3a	6306303ec5e1	1152	1	13	63.65	41084
3	x3a	6306303ec5e1	1152	16	13	20.62	85540
3	x3a	6306303ec5e1	2304	1	13	334.86	97336
3	x3a	6306303ec5e1	2304	16	13	103.88	182556
3	x3b	6306303ec5e1	1152	1	13	63.57	41188
3	x3b	6306303ec5e1	1152	16	13	22.16	87552
3	x3b	6306303ec5e1	2304	1	13	353.52	97244
3	x3b	6306303ec5e1	2304	16	13	101.92	184688
2	x2a	6306303ec5e1	1152	1	13	63.02	40456
2	x2a	6306303ec5e1	1152	16	13	20.87	88100
2	x2a	6306303ec5e1	2304	1	13	331.22	96064
2	x2a	6306303ec5e1	2304	16	13	103.57	181312
2	x2b	6306303ec5e1	1152	1	13	62.64	40516
2	x2b	6306303ec5e1	1152	16	13	20.20	85620
2	x2b	6306303ec5e1	2304	1	13	319.31	95908
2	x2b	6306303ec5e1	2304	16	13	104.67	181504
5	x5a	6306303ec5e1	1152	1	14	63.90	41348
5	x5a	6306303ec5e1	1152	16	14	21.87	90244
5	x5a	6306303ec5e1	2304	1	14	343.01	100112
5	x5a	6306303ec5e1	2304	16	14	109.92	192628
5	x5b	6306303ec5e1	1152	1	14	64.31	41280
5	x5b	6306303ec5e1	1152	16	14	21.06	95244
5	x5b	6306303ec5e1	2304	1	14	341.69	100084
5	x5b	6306303ec5e1	2304	16	14	108.56	191456
4	x4a	6306303ec5e1	1152	1	14	62.70	40696
4	x4a	6306303ec5e1	1152	16	14	21.21	90620
4	x4a	6306303ec5e1	2304	1	14	364.32	98768
4	x4a	6306303ec5e1	2304	16	14	113.04	190700
4	x4b	6306303ec5e1	1152	1	14	84.47	40684
4	x4b	6306303ec5e1	1152	16	14	21.59	91648
4	x4b	6306303ec5e1	2304	1	14	341.56	98804
4	x4b	6306303ec5e1	2304	16	14	111.08	184228
3	x3a	6306303ec5e1	1152	1	14	63.72	41000
3	x3a	6306303ec5e1	1152	16	14	22.15	88912
3	x3a	6306303ec5e1	2304	1	14	348.35	97176
3	x3a	6306303ec5e1	2304	16	14	102.95	184192
3	x3b	6306303ec5e1	1152	1	14	63.36	41136
3	x3b	6306303ec5e1	1152	16	14	20.92	86880
3	x3b	6306303ec5e1	2304	1	14	353.64	97236
3	x3b	6306303ec5e1	2304	16	14	107.46	183648
2	x2a	6306303ec5e1	1152	1	14	62.70	40392
2	x2a	6306303ec5e1	1152	16	14	20.99	86128
2	x2a	6306303ec5e1	2304	1	14	328.88	96032
2	x2a	6306303ec5e1	2304	16	14	108.71	182808
2	x2b	6306303ec5e1	1152	1	14	63.67	40500
2	x2b	6306303ec5e1	1152	16	14	21.71	84564
2	x2b	6306303ec5e1	2304	1	14	348.45	96072
2	x2b	6306303ec5e1	2304	16	14	104.19	184508
5	x5a	6306303ec5e1	1152	1	15	64.97	41376
5	x5a	6306303ec5e1	1152	16	15	21.39	91808
5	x5a	6306303ec5e1	2304	1	15	337.20	100180
5	x5a	6306303ec5e1	2304	16	15	107.86	195260
5	x5b	6306303ec5e1	1152	1	15	64.20	41216
5	x5b	6306303ec5e1	1152	16	15	21.06	89064
5	x5b	6306303ec5e1	2304	1	15	347.12	100076
5	x5b	6306303ec5e1	2304	16	15	107.02	190840
4	x4a	6306303ec5e1	1152	1	15	62.46	40572
4	x4a	6306303ec5e1	1152	16	15	20.21	89096
4	x4a	6306303ec5e1	2304	1	15	336.35	98812
4	x4a	6306303ec5e1	2304	16	15	103.28	190900
4	x4b	6306303ec5e1	1152	1	15	62.11	40732
4	x4b	6306303ec5e1	1152	16	15	19.66	88572
4	x4b	6306303ec5e1	2304	1	15	335.62	98892
4	x4b	6306303ec5e1	2304	16	15	104.17	189900
3	x3a	6306303ec5e1	1152	1	15	62.43	41048
3	x3a	6306303ec5e1	1152	16	15	19.90	88408
3	x3a	6306303ec5e1	2304	1	15	312.45	97260
3	x3a	6306303ec5e1	2304	16	15	99.43	182596
3	x3b	6306303ec5e1	1152	1	15	62.60	40968
3	x3b	6306303ec5e1	1152	16	15	19.72	88568
3	x3b	6306303ec5e1	2304	1	15	322.94	97220
3	x3b	6306303ec5e1	2304	16	15	100.62	185068
2	x2a	6306303ec5e1	1152	1	15	61.77	40600
2	x2a	6306303ec5e1	1152	16	15	19.66	86972
2	x2a	6306303ec5e1	2304	1	15	342.21	96004
2	x2a	6306303ec5e1	2304	16	15	96.39	181976
2	x2b	6306303ec5e1	1152	1	15	61.86	40460
2	x2b	6306303ec5e1	1152	16	15	19.37	89348
2	x2b	6306303ec5e1	2304	1	15	332.64	95860
2	x2b	6306303ec5e1	2304	16	15	97.89	177216
5	x5a	09464b84916a	576	1	1	15.73	21132
5	x5a	09464b84916a	576	16	1	5.06	46384
5	x5b	09464b84916a	576	1	1	15.70	21152
5	x5b	09464b84916a	576	16	1	5.07	46776
4	x4a	09464b84916a	576	1	1	15.37	20892
4	x4a	09464b84916a	576	16	1	5.04	45324
4	x4b	09464b84916a	576	1	1	15.41	20944
4	x4b	09464b84916a	576	16	1	5.04	47500
3	x3a	09464b84916a	576	1	1	15.37	20572
3	x3a	09464b84916a	576	16	1	4.90	46144
3	x3b	09464b84916a	576	1	1	15.41	20524
3	x3b	09464b84916a	576	16	1	5.01	43904
2	x2a	09464b84916a	576	1	1	15.18	20428
2	x2a	09464b84916a	576	16	1	4.94	42480
2	x2b	09464b84916a	576	1	1	15.18	20532
2	x2b	09464b84916a	576	16	1	5.15	43668
5	x5a	09464b84916a	576	1	2	15.73	21252
5	x5a	09464b84916a	576	16	2	5.13	45396
5	x5b	09464b84916a	576	1	2	15.74	21224
5	x5b	09464b84916a	576	16	2	5.03	46320
4	x4a	09464b84916a	576	1	2	15.37	20980
4	x4a	09464b84916a	576	16	2	5.07	47012
4	x4b	09464b84916a	576	1	2	15.53	20828
4	x4b	09464b84916a	576	16	2	5.06	45308
3	x3a	09464b84916a	576	1	2	15.42	20432
3	x3a	09464b84916a	576	16	2	4.91	44148
3	x3b	09464b84916a	576	1	2	15.44	20592
3	x3b	09464b84916a	576	16	2	4.85	44600
2	x2a	09464b84916a	576	1	2	15.21	20460
2	x2a	09464b84916a	576	16	2	4.91	43384
2	x2b	09464b84916a	576	1	2	15.23	20440
2	x2b	09464b84916a	576	16	2	4.89	43664
5	x5a	09464b84916a	576	1	3	15.72	21176
5	x5a	09464b84916a	576	16	3	5.03	46052
5	x5b	09464b84916a	576	1	3	15.94	21240
5	x5b	09464b84916a	576	16	3	5.10	46336
4	x4a	09464b84916a	576	1	3	15.38	20968
4	x4a	09464b84916a	576	16	3	5.11	47680
4	x4b	09464b84916a	576	1	3	15.56	20820
4	x4b	09464b84916a	576	16	3	5.15	46780
3	x3a	09464b84916a	576	1	3	15.44	20568
3	x3a	09464b84916a	576	16	3	5.03	44304
3	x3b	09464b84916a	576	1	3	15.39	20432
3	x3b	09464b84916a	576	16	3	4.94	44476
2	x2a	09464b84916a	576	1	3	15.17	20508
2	x2a	09464b84916a	576	16	3	4.98	43552
2	x2b	09464b84916a	576	1	3	15.21	20460
2	x2b	09464b84916a	576	16	3	4.94	43612
5	x5a	09464b84916a	576	1	4	15.93	21180
5	x5a	09464b84916a	576	16	4	4.98	47636
5	x5b	09464b84916a	576	1	4	15.76	21132
5	x5b	09464b84916a	576	16	4	5.06	46304
4	x4a	09464b84916a	576	1	4	15.38	20856
4	x4a	09464b84916a	576	16	4	5.02	46012
4	x4b	09464b84916a	576	1	4	15.36	20864
4	x4b	09464b84916a	576	16	4	5.07	45588
3	x3a	09464b84916a	576	1	4	15.45	20476
3	x3a	09464b84916a	576	16	4	4.98	45784
3	x3b	09464b84916a	576	1	4	15.40	20480
3	x3b	09464b84916a	576	16	4	4.96	44392
2	x2a	09464b84916a	576	1	4	15.20	20356
2	x2a	09464b84916a	576	16	4	4.85	43512
2	x2b	09464b84916a	576	1	4	15.19	20376
2	x2b	09464b84916a	576	16	4	4.94	43628
5	x5a	09464b84916a	576	1	5	15.71	21284
5	x5a	09464b84916a	576	16	5	5.22	46776
5	x5b	09464b84916a	576	1	5	15.73	21240
5	x5b	09464b84916a	576	16	5	5.14	46296
4	x4a	09464b84916a	576	1	5	15.38	20984
4	x4a	09464b84916a	576	16	5	5.12	44976
4	x4b	09464b84916a	576	1	5	15.36	21012
4	x4b	09464b84916a	576	16	5	5.11	45948
3	x3a	09464b84916a	576	1	5	15.40	20428
3	x3a	09464b84916a	576	16	5	5.03	44924
3	x3b	09464b84916a	576	1	5	15.47	20572
3	x3b	09464b84916a	576	16	5	5.11	44580
2	x2a	09464b84916a	576	1	5	15.20	20532
2	x2a	09464b84916a	576	16	5	5.03	44564
2	x2b	09464b84916a	576	1	5	15.19	20428
2	x2b	09464b84916a	576	16	5	4.92	43040
5	x5a	09464b84916a	576	1	6	15.78	21248
5	x5a	09464b84916a	576	16	6	5.17	46256
5	x5b	09464b84916a	576	1	6	15.75	21316
5	x5b	09464b84916a	576	16	6	5.08	47052
4	x4a	09464b84916a	576	1	6	15.41	20940
4	x4a	09464b84916a	576	16	6	5.19	45668
4	x4b	09464b84916a	576	1	6	15.39	21004
4	x4b	09464b84916a	576	16	6	5.10	45516
3	x3a	09464b84916a	576	1	6	15.43	20580
3	x3a	09464b84916a	576	16	6	5.11	45192
3	x3b	09464b84916a	576	1	6	15.43	20588
3	x3b	09464b84916a	576	16	6	5.02	44960
2	x2a	09464b84916a	576	1	6	15.17	20424
2	x2a	09464b84916a	576	16	6	5.14	43380
2	x2b	09464b84916a	576	1	6	15.17	20460
2	x2b	09464b84916a	576	16	6	4.91	45540
5	x5a	09464b84916a	576	1	7	15.74	21288
5	x5a	09464b84916a	576	16	7	5.05	45972
5	x5b	09464b84916a	576	1	7	15.88	21192
5	x5b	09464b84916a	576	16	7	5.04	45164
4	x4a	09464b84916a	576	1	7	15.38	21020
4	x4a	09464b84916a	576	16	7	4.94	45688
4	x4b	09464b84916a	576	1	7	15.38	20876
4	x4b	09464b84916a	576	16	7	5.11	44996
3	x3a	09464b84916a	576	1	7	15.42	20520
3	x3a	09464b84916a	576	16	7	5.07	44568
3	x3b	09464b84916a	576	1	7	15.43	20572
3	x3b	09464b84916a	576	16	7	4.97	44984
2	x2a	09464b84916a	576	1	7	15.34	20588
2	x2a	09464b84916a	576	16	7	5.00	44100
2	x2b	09464b84916a	576	1	7	15.18	20492
2	x2b	09464b84916a	576	16	7	4.86	42864
5	x5a	09464b84916a	576	1	8	15.72	21280
5	x5a	09464b84916a	576	16	8	5.03	46744
5	x5b	09464b84916a	576	1	8	15.77	21164
5	x5b	09464b84916a	576	16	8	5.19	46208
4	x4a	09464b84916a	576	1	8	15.72	20808
4	x4a	09464b84916a	576	16	8	5.11	47576
4	x4b	09464b84916a	576	1	8	15.37	20888
4	x4b	09464b84916a	576	16	8	4.92	45592
3	x3a	09464b84916a	576	1	8	15.48	20564
3	x3a	09464b84916a	576	16	8	4.98	44588
3	x3b	09464b84916a	576	1	8	15.43	20572
3	x3b	09464b84916a	576	16	8	5.03	45308
2	x2a	09464b84916a	576	1	8	15.25	20536
2	x2a	09464b84916a	576	16	8	4.89	44140
2	x2b	09464b84916a	576	1	8	15.17	20512
2	x2b	09464b84916a	576	16	8	5.06	43288
5	x5a	09464b84916a	576	1	9	15.75	21100
5	x5a	09464b84916a	576	16	9	5.03	47500
5	x5b	09464b84916a	576	1	9	15.72	21304
5	x5b	09464b84916a	576	16	9	5.05	46844
4	x4a	09464b84916a	576	1	9	15.75	20952
4	x4a	09464b84916a	576	16	9	4.95	46640
4	x4b	09464b84916a	576	1	9	15.34	20992
4	x4b	09464b84916a	576	16	9	4.97	45448
3	x3a	09464b84916a	576	1	9	15.41	20644
3	x3a	09464b84916a	576	16	9	4.99	44036
3	x3b	09464b84916a	576	1	9	15.47	20592
3	x3b	09464b84916a	576	16	9	5.05	45056
2	x2a	09464b84916a	576	1	9	15.21	20536
2	x2a	09464b84916a	576	16	9	4.92	42968
2	x2b	09464b84916a	576	1	9	15.18	20508
2	x2b	09464b84916a	576	16	9	4.93	43452
5	x5a	09464b84916a	576	1	10	15.72	21288
5	x5a	09464b84916a	576	16	10	5.15	45176
5	x5b	09464b84916a	576	1	10	15.68	21080
5	x5b	09464b84916a	576	16	10	5.08	46748
4	x4a	09464b84916a	576	1	10	15.38	20824
4	x4a	09464b84916a	576	16	10	5.05	45092
4	x4b	09464b84916a	576	1	10	15.40	20940
4	x4b	09464b84916a	576	16	10	4.93	45860
3	x3a	09464b84916a	576	1	10	15.44	20556
3	x3a	09464b84916a	576	16	10	4.96	45132
3	x3b	09464b84916a	576	1	10	15.44	20444
3	x3b	09464b84916a	576	16	10	4.95	45508
2	x2a	09464b84916a	576	1	10	15.17	20508
2	x2a	09464b84916a	576	16	10	4.86	43256
2	x2b	09464b84916a	576	1	10	15.20	20480
2	x2b	09464b84916a	576	16	10	4.93	44564
5	x5a	09464b84916a	576	1	11	15.71	21272
5	x5a	09464b84916a	576	16	11	5.05	47140
5	x5b	09464b84916a	576	1	11	15.70	21144
5	x5b	09464b84916a	576	16	11	5.17	47336
4	x4a	09464b84916a	576	1	11	15.36	20964
4	x4a	09464b84916a	576	16	11	5.02	46648
4	x4b	09464b84916a	576	1	11	15.38	20964
4	x4b	09464b84916a	576	16	11	5.10	47168
3	x3a	09464b84916a	576	1	11	15.46	20580
3	x3a	09464b84916a	576	16	11	4.96	45156
3	x3b	09464b84916a	576	1	11	15.45	20584
3	x3b	09464b84916a	576	16	11	4.92	44512
2	x2a	09464b84916a	576	1	11	15.18	20568
2	x2a	09464b84916a	576	16	11	4.88	43668
2	x2b	09464b84916a	576	1	11	15.51	20572
2	x2b	09464b84916a	576	16	11	4.98	43520
5	x5a	09464b84916a	576	1	12	15.80	21252
5	x5a	09464b84916a	576	16	12	5.26	46784
5	x5b	09464b84916a	576	1	12	15.72	21172
5	x5b	09464b84916a	576	16	12	5.15	45828
4	x4a	09464b84916a	576	1	12	15.38	20972
4	x4a	09464b84916a	576	16	12	5.07	45788
4	x4b	09464b84916a	576	1	12	15.41	20964
4	x4b	09464b84916a	576	16	12	5.01	45548
3	x3a	09464b84916a	576	1	12	15.41	20448
3	x3a	09464b84916a	576	16	12	5.05	45224
3	x3b	09464b84916a	576	1	12	15.44	20608
3	x3b	09464b84916a	576	16	12	5.01	45432
2	x2a	09464b84916a	576	1	12	15.17	20528
2	x2a	09464b84916a	576	16	12	4.98	43168
2	x2b	09464b84916a	576	1	12	15.17	20424
2	x2b	09464b84916a	576	16	12	4.87	43832
5	x5a	09464b84916a	576	1	13	15.70	21324
5	x5a	09464b84916a	576	16	13	5.14	45760
5	x5b	09464b84916a	576	1	13	15.72	21312
5	x5b	09464b84916a	576	16	13	5.06	49056
4	x4a	09464b84916a	576	1	13	15.40	20936
4	x4a	09464b84916a	576	16	13	4.94	45884
4	x4b	09464b84916a	576	1	13	15.36	20964
4	x4b	09464b84916a	576	16	13	5.02	45404
3	x3a	09464b84916a	576	1	13	15.49	20596
3	x3a	09464b84916a	576	16	13	5.03	44092
3	x3b	09464b84916a	576	1	13	15.60	20572
3	x3b	09464b84916a	576	16	13	5.05	44828
2	x2a	09464b84916a	576	1	13	15.19	20516
2	x2a	09464b84916a	576	16	13	4.96	43172
2	x2b	09464b84916a	576	1	13	15.20	20432
2	x2b	09464b84916a	576	16	13	4.94	46060
5	x5a	09464b84916a	576	1	14	15.74	21272
5	x5a	09464b84916a	576	16	14	5.08	45784
5	x5b	09464b84916a	576	1	14	15.71	21200
5	x5b	09464b84916a	576	16	14	4.97	45720
4	x4a	09464b84916a	576	1	14	15.39	20956
4	x4a	09464b84916a	576	16	14	4.94	45076
4	x4b	09464b84916a	576	1	14	15.41	21012
4	x4b	09464b84916a	576	16	14	4.93	47240
3	x3a	09464b84916a	576	1	14	15.45	20452
3	x3a	09464b84916a	576	16	14	4.94	43928
3	x3b	09464b84916a	576	1	14	15.45	20556
3	x3b	09464b84916a	576	16	14	5.09	45852
2	x2a	09464b84916a	576	1	14	15.20	20520
2	x2a	09464b84916a	576	16	14	4.88	44120
2	x2b	09464b84916a	576	1	14	15.15	20456
2	x2b	09464b84916a	576	16	14	4.90	44008
5	x5a	09464b84916a	576	1	15	15.70	21188
5	x5a	09464b84916a	576	16	15	5.09	46720
5	x5b	09464b84916a	576	1	15	15.71	21152
5	x5b	09464b84916a	576	16	15	5.20	46616
4	x4a	09464b84916a	576	1	15	15.38	20884
4	x4a	09464b84916a	576	16	15	4.96	47568
4	x4b	09464b84916a	576	1	15	15.41	20968
4	x4b	09464b84916a	576	16	15	5.19	45920
3	x3a	09464b84916a	576	1	15	15.40	20512
3	x3a	09464b84916a	576	16	15	4.93	45276
3	x3b	09464b84916a	576	1	15	15.55	20576
3	x3b	09464b84916a	576	16	15	4.94	43528
2	x2a	09464b84916a	576	1	15	15.16	20436
2	x2a	09464b84916a	576	16	15	4.88	43688
2	x2b	09464b84916a	576	1	15	15.22	20500
2	x2b	09464b84916a	576	16	15	4.89	43856
