konfig_ref	sha256_rgb8	size	exact_match_in_konjnd
SRC01_0.png	9c418c165fb2b9b0cc4aa0d7dc32366be0dcfedf465b2cd0c9ef850c05a0721b	384x512	-
SRC03_0.png	07b6410fa7b275e3806b45a0ea3e2cde5727d883b00b7cd8753daa16525ed917	384x512	-
SRC06_0.png	31b1fb04701365722b7e76dd182cabd181a935968ad649c7fb55b10853af2688	384x512	-
SRC07_0.png	5e96b162584b9bb78acd714655f03bee38597cb4ecca9bda35330175fb647bb0	384x512	-
SRC09_0.png	2235e115c1e723264f4d65dce5d290cc932b641ebf3c93461703cf9d76bd3049	384x512	-
SRC17_0.png	0665a8cc9943a1908f039dcdc865da34739d501ae7efd273467d7e135268349e	384x512	-
SRC28_0.png	b33a7db655117e8e2a9c13905b96332dd5f31c048b40f6fb50bfdc27e4c2be9d	384x512	-
SRC31_0.png	2f0c46b5d8d3dbd3afb0880e4a0cd207e7ff42b0c008e030f9d61bea856ab444	384x512	-
SRC45_0.png	31f454071c5df986827c08c871d894282448c4fb8cfc1ded4e3c5e08149e980e	384x512	-
SRC50_0.png	e866467940509aef18bd05fe82b4d29fbfae524cb7b4925d10087ffc68be1783	384x512	-
