idx	family	frac_rows_nonzero_xt	mean_abs	p95_abs	std	sign_cons	analytic_simple	analytic_path	packed_zero_frac	dead	rank_dead	mean_abs_cid22	mean_abs_kadid	mean_abs_csiq	mean_abs_live	mean_abs_imazen26	dsrocc_cid22	dsrocc_kadid	dsrocc_csiq	dsrocc_live	dsrocc_imazen26
0	basic	1.0000	8.664020e-2	3.585917e-1	1.532266e-1	0.5048	3.422183e0	7.722902e-1	-	0	0	3.337235e-2	1.023175e-1	1.255819e-1	1.773929e-1	7.546295e-2	-	-	-	-	-
1	basic	1.0000	7.213357e-2	2.661214e-1	1.142893e-1	0.6070	1.904187e0	3.872148e-1	-	0	0	6.899826e-2	6.927570e-2	6.142079e-2	1.200159e-1	7.678539e-2	-	-	-	-	-
2	basic	1.0000	1.043517e-1	3.362894e-1	1.459910e-1	0.6162	1.875012e0	5.083945e-1	-	0	0	1.109441e-1	9.251120e-2	1.272166e-1	1.320413e-1	1.206093e-1	-	-	-	-	-
3	basic	1.0000	1.596372e-1	4.076390e-1	3.514409e-1	0.6612	7.844639e0	2.264934e0	-	0	0	1.795698e-1	1.259082e-1	1.398002e-1	4.668725e-1	1.705786e-1	-	-	-	-	-
4	basic	1.0000	8.961435e-2	3.483524e-1	1.766372e-1	0.5178	3.487045e0	1.736049e0	-	0	0	2.597113e-2	1.178883e-1	8.859441e-2	1.319472e-1	7.497810e-2	-	-	-	-	-
5	basic	1.0000	1.844127e-1	4.480342e-1	3.006907e-1	0.6900	4.978821e0	1.007432e0	-	0	0	2.169492e-1	1.456199e-1	2.097398e-1	4.050849e-1	2.036076e-1	-	-	-	-	-
6	basic	1.0000	1.095429e-1	4.176102e-1	2.474808e-1	0.5401	2.079434e0	5.767582e-1	-	0	0	4.293530e-2	1.083203e-1	2.576424e-1	2.734353e-1	1.232474e-1	-	-	-	-	-
7	basic	1.0000	1.020818e-1	4.230494e-1	1.788927e-1	0.5249	2.053706e0	5.031565e-1	-	0	0	8.750371e-2	9.447451e-2	8.678936e-2	1.125408e-1	1.489218e-1	-	-	-	-	-
8	basic	1.0000	1.512168e-1	5.784445e-1	3.174211e-1	0.5648	2.130436e0	9.641694e-1	-	0	0	1.366225e-1	1.242942e-1	1.226703e-1	1.332222e-1	2.722817e-1	-	-	-	-	-
9	basic	1.0000	4.998655e-2	1.080426e-1	1.286999e-1	0.7568	1.660237e0	7.370015e-1	-	0	0	5.985032e-2	3.535365e-2	3.443940e-2	5.530400e-2	8.726217e-2	-	-	-	-	-
10	basic	1.0000	3.661862e-1	1.014997e0	8.312756e-1	0.5614	5.054158e0	3.422262e0	-	0	0	2.480041e-1	4.433413e-1	4.232778e-1	3.702471e-1	2.604684e-1	-0.007601	-0.202000	0.039108	0.034610	0.000299
11	basic	1.0000	3.223476e-1	9.422791e-1	5.748616e-1	0.5699	4.268545e0	2.072473e0	-	0	0	2.286953e-1	3.387932e-1	4.337178e-1	3.694361e-1	3.554700e-1	0.000710	0.092458	-0.083682	-0.048406	-0.008788
12	basic	1.0000	2.967101e-4	6.866157e-4	5.806146e-4	0.7651	8.017972e-3	6.186847e-3	-	0	0	3.236570e-4	2.696016e-4	1.965240e-4	2.768734e-4	3.812135e-4	-	-	-	-	-
13	basic	1.0000	2.363484e-1	7.700611e-1	3.832277e-1	0.5261	5.716199e0	1.143341e0	-	0	0	1.815252e-1	2.399521e-1	2.809789e-1	3.560827e-1	2.580031e-1	0.001078	-0.099022	0.047634	0.062600	0.002244
14	basic	1.0000	2.828126e-1	8.359125e-1	3.954643e-1	0.6495	4.164479e0	1.763035e0	-	0	0	3.559109e-1	2.280783e-1	3.055069e-1	4.076152e-1	3.228168e-1	-0.005025	0.019521	0.009752	0.034451	-0.004395
15	basic	1.0000	1.850096e-1	5.544543e-1	2.674934e-1	0.7244	3.285875e0	1.354770e0	-	0	0	2.334145e-1	1.565888e-1	2.107706e-1	2.644236e-1	1.836611e-1	-	-	-	-	-
16	basic	1.0000	2.085722e-1	1.028453e0	5.326518e-1	0.5929	7.737673e0	5.976309e0	-	0	0	6.218357e-2	2.993582e-1	1.867364e-1	2.592485e-1	1.077383e-1	-0.001669	-0.182657	0.044816	0.033801	0.001732
17	basic	1.0000	1.940379e-1	5.907264e-1	5.289344e-1	0.5219	6.624165e0	4.336343e0	-	0	0	6.102142e-2	2.603306e-1	1.386804e-1	1.964488e-1	1.764769e-1	-	-	-	-	-
18	basic	1.0000	2.428218e-1	6.199138e-1	5.944400e-1	0.6299	8.565401e0	6.996156e0	-	0	0	1.944108e-1	2.652670e-1	1.778700e-1	2.268058e-1	2.587643e-1	0.002971	-0.153381	0.016804	-0.013933	-0.002302
19	basic	1.0000	1.149353e-1	5.312309e-1	2.258114e-1	0.5655	3.849807e0	1.417494e0	-	0	0	3.601532e-2	1.390322e-1	1.233498e-1	1.523145e-1	1.338213e-1	-	-	-	-	-
20	basic	1.0000	2.823529e-1	8.401663e-1	3.817539e-1	0.6561	4.126498e0	1.684927e0	-	0	0	4.103826e-1	1.838976e-1	2.672267e-1	3.502387e-1	4.142959e-1	-0.003252	-0.079393	0.007109	0.047652	-0.004491
21	basic	1.0000	1.964692e-1	9.858065e-1	4.401994e-1	0.5301	3.610035e0	1.954970e0	-	0	0	5.442458e-2	2.579135e-1	2.250966e-1	3.542937e-1	1.446064e-1	-	-	-	-	-
22	basic	1.0000	8.759069e-2	2.428927e-1	1.600913e-1	0.7105	6.119853e0	1.514750e0	-	0	0	1.158126e-1	6.409275e-2	9.964474e-2	1.494306e-1	1.064240e-1	-	-	-	-	-
23	basic	1.0000	2.284570e-1	6.199780e-1	3.073059e-1	0.6378	5.604905e0	1.507057e0	-	0	0	2.004912e-1	2.296545e-1	3.651758e-1	2.730813e-1	2.138065e-1	-0.004352	-0.070281	-0.000114	0.010474	-0.000333
24	basic	1.0000	3.320425e-1	1.210071e0	5.855644e-1	0.5407	8.502300e0	1.649483e0	-	0	0	2.181678e-1	3.352062e-1	8.039195e-1	6.335797e-1	2.715615e-1	-0.005353	0.001204	-0.076904	-0.096935	-0.011541
25	basic	1.0000	8.608688e-2	1.971716e-1	5.046770e-1	0.5426	5.756901e0	4.787841e0	-	0	0	3.818221e-2	1.266912e-1	2.580541e-2	8.958130e-2	3.557524e-2	-	-	-	-	-
26	basic	1.0000	8.321808e-2	2.635153e-1	1.286821e-1	0.6828	3.115420e0	8.022297e-1	-	0	0	7.732353e-2	8.002132e-2	8.829690e-2	1.176453e-1	9.178058e-2	-	-	-	-	-
27	basic	1.0000	1.010956e-1	3.516872e-1	1.590088e-1	0.6011	2.728354e0	8.034183e-1	-	0	0	8.065893e-2	9.377623e-2	1.062895e-1	1.626475e-1	1.365036e-1	-	-	-	-	-
28	basic	1.0000	1.017358e-1	3.225932e-1	1.384293e-1	0.6621	2.194137e0	6.024204e-1	-	0	0	1.351386e-1	7.794490e-2	1.074249e-1	1.087760e-1	1.299348e-1	-	-	-	-	-
29	basic	1.0000	1.672276e-1	4.612784e-1	2.810319e-1	0.6516	7.941821e0	1.564556e0	-	0	0	1.890944e-1	1.528801e-1	1.798618e-1	3.173178e-1	1.424799e-1	-	-	-	-	-
30	basic	1.0000	1.110376e-1	3.652837e-1	2.103215e-1	0.6171	3.552194e0	2.571212e0	-	0	0	7.521543e-2	1.257681e-1	9.108151e-2	1.591454e-1	1.059903e-1	-	-	-	-	-
31	basic	1.0000	1.630500e-1	4.450605e-1	2.485395e-1	0.6815	4.806329e0	2.418239e0	-	0	0	2.270810e-1	1.290112e-1	1.451366e-1	2.637313e-1	1.652851e-1	-	-	-	-	-
32	basic	1.0000	1.329912e-1	4.752477e-1	2.633523e-1	0.6134	2.057886e0	4.717217e-1	-	0	0	8.995051e-2	1.137678e-1	2.266470e-1	2.612150e-1	1.972112e-1	-	-	-	-	-
33	basic	1.0000	1.203389e-1	5.272429e-1	2.666283e-1	0.5042	2.131646e0	8.141493e-1	-	0	0	4.831829e-2	1.330457e-1	1.140827e-1	1.701324e-1	1.679548e-1	-	-	-	-	-
34	basic	1.0000	1.382208e-1	5.747555e-1	3.891830e-1	0.5130	2.070069e0	1.400107e0	-	0	0	6.830287e-2	1.330393e-1	9.760581e-2	1.202044e-1	2.682812e-1	-	-	-	-	-
35	basic	1.0000	5.017745e-2	1.370105e-1	7.100866e-2	0.7865	1.383932e0	5.662948e-1	-	0	0	5.881804e-2	3.211107e-2	4.520950e-2	7.328147e-2	9.295532e-2	-	-	-	-	-
36	basic	1.0000	2.389299e-1	6.116984e-1	6.335999e-1	0.5399	3.891699e0	2.790476e0	-	0	0	1.350217e-1	3.048256e-1	1.642831e-1	1.574175e-1	2.087980e-1	-0.002964	-0.156175	0.030660	0.017471	0.002410
37	basic	1.0000	1.476454e-1	4.198232e-1	3.543460e-1	0.5485	3.099185e0	1.673545e0	-	0	0	6.769085e-2	1.879192e-1	1.293465e-1	1.384933e-1	1.341682e-1	-	-	-	-	-
38	basic	1.0000	2.346016e-5	4.708767e-5	5.423105e-5	0.6226	3.633093e-4	4.329452e-4	-	1	1	2.562206e-5	2.179271e-5	1.515022e-5	2.152225e-5	2.874024e-5	-	-	-	-	-
39	basic	1.0000	6.363412e-2	1.915727e-1	9.431519e-2	0.6660	1.607191e0	5.326999e-1	-	0	0	8.009019e-2	5.287134e-2	6.331319e-2	7.640811e-2	7.291568e-2	-	-	-	-	-
40	basic	1.0000	4.545179e-2	1.790714e-1	9.274433e-2	0.5500	1.386946e0	4.879881e-1	-	0	0	1.415749e-2	5.250699e-2	7.271621e-2	9.867341e-2	4.474300e-2	-	-	-	-	-
41	basic	1.0000	4.158225e-2	1.445783e-1	8.774051e-2	0.5297	1.280093e0	5.532925e-1	-	0	0	1.518033e-2	4.813888e-2	5.889726e-2	6.410945e-2	4.624001e-2	-	-	-	-	-
42	basic	1.0000	1.100010e-1	3.143916e-1	1.720220e-1	0.6904	3.340067e0	1.563442e0	-	0	0	1.211630e-1	8.845498e-2	1.227739e-1	2.007755e-1	1.386416e-1	-	-	-	-	-
43	basic	1.0000	4.924124e-2	1.408428e-1	6.858712e-2	0.6417	1.508577e0	4.239407e-1	-	0	0	3.120552e-2	5.230894e-2	4.050238e-2	6.686607e-2	6.225092e-2	-	-	-	-	-
44	basic	1.0000	6.547603e-2	1.968513e-1	1.025654e-1	0.5409	2.231635e0	6.888817e-1	-	0	0	4.393610e-2	6.530606e-2	7.220488e-2	8.906246e-2	8.812713e-2	-	-	-	-	-
45	basic	1.0000	1.749513e-1	6.350914e-1	4.007995e-1	0.5959	2.651171e0	6.936064e-1	-	0	0	9.321864e-2	1.698955e-1	3.597902e-1	4.479875e-1	1.844111e-1	-	-	-	-	-
46	basic	1.0000	7.876014e-2	2.990532e-1	1.337762e-1	0.5507	1.379601e0	3.962184e-1	-	0	0	7.465584e-2	6.734191e-2	7.927538e-2	1.131629e-1	1.130688e-1	-	-	-	-	-
47	basic	1.0000	1.646951e-1	5.892243e-1	2.880314e-1	0.5103	1.700618e0	4.121157e-1	-	0	0	1.447352e-1	1.519761e-1	1.975207e-1	2.511921e-1	2.031020e-1	-	-	-	-	-
48	basic	1.0000	1.813518e-2	5.758667e-2	2.919707e-2	0.5327	8.937533e-1	3.099111e-1	-	0	0	9.668418e-3	2.082508e-2	2.223906e-2	2.807989e-2	1.742399e-2	-	-	-	-	-
49	basic	1.0000	2.281583e-1	1.007448e0	5.007495e-1	0.5155	3.384132e0	2.081488e0	-	0	0	1.684407e-1	2.367157e-1	3.328065e-1	3.390468e-1	2.257811e-1	0.002026	-0.022371	0.021063	0.029283	-0.001979
50	basic	1.0000	9.050204e-2	3.259358e-1	1.751062e-1	0.5096	2.103481e0	1.068714e0	-	0	0	5.655527e-2	1.009879e-1	1.036510e-1	9.713944e-2	9.793895e-2	-	-	-	-	-
51	basic	1.0000	4.821944e-4	8.012056e-4	1.180769e-3	0.6511	3.606908e-3	3.174619e-3	-	0	0	2.914434e-4	5.866017e-4	3.529666e-4	5.279897e-4	4.296910e-4	-	-	-	-	-
52	basic	1.0000	3.853594e-1	1.004351e0	6.564097e-1	0.6481	5.091451e0	1.005158e0	-	0	0	4.675805e-1	2.845590e-1	7.318582e-1	8.131487e-1	3.964938e-1	-0.000863	0.132190	-0.176821	-0.211756	-0.010115
53	basic	1.0000	6.995462e-2	2.657994e-1	1.378845e-1	0.6334	2.446303e0	5.144034e-1	-	0	0	3.982760e-2	8.450889e-2	1.094344e-1	1.249145e-1	3.918089e-2	-	-	-	-	-
54	basic	1.0000	1.457134e-1	3.645810e-1	2.101151e-1	0.6556	2.202615e0	5.481929e-1	-	0	0	2.015768e-1	1.104438e-1	1.779329e-1	2.214473e-1	1.555680e-1	-	-	-	-	-
55	basic	1.0000	1.144594e-1	2.977361e-1	2.922996e-1	0.6370	5.559549e0	4.355786e0	-	0	0	8.243589e-2	1.377398e-1	6.925181e-2	1.303121e-1	9.132278e-2	-	-	-	-	-
56	basic	1.0000	9.960387e-2	4.175416e-1	1.942641e-1	0.5667	4.247810e0	1.298767e0	-	0	0	6.763272e-2	1.063655e-1	9.095103e-2	1.396369e-1	1.141932e-1	-	-	-	-	-
57	basic	1.0000	1.458378e-1	6.092982e-1	2.936072e-1	0.6038	4.643855e0	3.200540e0	-	0	0	6.773266e-2	1.722779e-1	1.780961e-1	2.575417e-1	1.304824e-1	-	-	-	-	-
58	basic	1.0000	1.393759e-1	6.160450e-1	2.643367e-1	0.6766	3.870237e0	1.304031e0	-	0	0	7.199897e-2	1.503941e-1	1.816581e-1	2.200901e-1	1.646688e-1	-	-	-	-	-
59	basic	1.0000	1.260028e-1	4.978976e-1	2.519253e-1	0.6271	3.745960e0	7.029183e-1	-	0	0	5.466448e-2	1.354844e-1	2.489775e-1	3.293938e-1	1.082773e-1	-	-	-	-	-
60	basic	1.0000	1.434302e-1	7.431831e-1	2.842020e-1	0.6439	3.716462e0	1.193488e0	-	0	0	6.718605e-2	1.472114e-1	3.176030e-1	3.368015e-1	1.393792e-1	-	-	-	-	-
61	basic	1.0000	3.738521e-2	1.152929e-1	7.617484e-2	0.6439	3.852604e0	1.214063e0	-	0	0	2.938284e-2	3.884026e-2	4.692088e-2	4.977160e-2	3.793776e-2	-	-	-	-	-
62	basic	1.0000	1.466106e-1	5.332102e-1	2.831632e-1	0.6055	4.584807e0	1.266678e0	-	0	0	7.008278e-2	1.714748e-1	2.823478e-1	2.000385e-1	1.199157e-1	-	-	-	-	-
63	basic	1.0000	1.776585e-1	4.097296e-1	2.235182e-1	0.7170	3.479653e0	7.377130e-1	-	0	0	2.740876e-1	1.170551e-1	2.136064e-1	1.880860e-1	2.296111e-1	-	-	-	-	-
64	basic	1.0000	4.325036e-2	1.250753e-1	1.610076e-1	0.8325	4.524744e0	4.938231e0	-	0	0	1.569081e-2	5.812558e-2	3.449381e-2	8.255188e-2	2.532911e-2	-	-	-	-	-
65	basic	1.0000	8.200452e-2	2.744584e-1	1.247315e-1	0.7399	1.858232e0	5.076525e-1	-	0	0	8.159526e-2	7.627008e-2	1.125486e-1	1.125982e-1	8.509095e-2	-	-	-	-	-
66	basic	1.0000	5.597781e-2	1.592293e-1	1.104382e-1	0.6522	1.430934e0	7.598257e-1	-	0	0	4.013185e-2	5.973450e-2	5.167692e-2	9.972123e-2	5.585575e-2	-	-	-	-	-
67	basic	1.0000	6.199825e-2	1.594377e-1	1.001192e-1	0.6285	1.569448e0	6.303381e-1	-	0	0	7.007894e-2	5.381408e-2	6.104001e-2	8.122674e-2	7.301579e-2	-	-	-	-	-
68	basic	1.0000	1.133856e-1	2.904383e-1	1.337000e-1	0.7565	2.612216e0	5.943135e-1	-	0	0	1.324219e-1	9.093631e-2	1.395135e-1	2.029593e-1	1.306048e-1	-	-	-	-	-
69	basic	1.0000	5.433182e-2	2.036715e-1	8.641436e-2	0.5992	1.685045e0	6.509945e-1	-	0	0	3.488341e-2	5.724275e-2	5.551310e-2	7.450599e-2	6.639422e-2	-	-	-	-	-
70	basic	1.0000	8.494205e-2	2.552910e-1	1.152156e-1	0.6987	1.659952e0	4.429105e-1	-	0	0	8.701627e-2	8.192591e-2	8.936900e-2	1.028538e-1	8.618804e-2	-	-	-	-	-
71	basic	1.0000	2.247920e-1	1.129611e0	5.257440e-1	0.5585	3.628925e0	1.244970e0	-	0	0	6.148576e-2	2.483586e-1	4.116438e-1	5.373659e-1	2.432411e-1	-0.001334	-0.080155	0.049374	0.075509	-0.001224
72	basic	1.0000	1.024029e-1	4.366059e-1	2.145939e-1	0.5417	1.881920e0	6.806408e-1	-	0	0	3.737379e-2	1.086997e-1	1.402024e-1	1.688338e-1	1.447679e-1	-	-	-	-	-
73	basic	1.0000	2.368328e-1	9.104482e-1	4.548182e-1	0.5543	2.708263e0	4.717689e-1	-	0	0	1.588175e-1	2.188303e-1	3.592342e-1	4.688632e-1	3.114088e-1	-0.009424	-0.136370	0.052149	0.071867	-0.000527
74	basic	1.0000	1.915907e-2	5.535412e-2	2.723207e-2	0.5189	6.758903e-1	1.512239e-1	-	0	0	1.266264e-2	1.907065e-2	2.529347e-2	2.948365e-2	2.415186e-2	-	-	-	-	-
75	basic	1.0000	2.242268e-1	7.394704e-1	5.323337e-1	0.6279	2.746116e0	2.590772e0	-	0	0	2.366876e-1	2.246817e-1	1.828498e-1	1.794906e-1	2.283041e-1	-0.004717	0.014192	0.004378	0.009245	-0.006022
76	basic	1.0000	8.184391e-2	2.918696e-1	1.325216e-1	0.5256	2.483323e0	5.729235e-1	-	0	0	5.635386e-2	8.149571e-2	1.271676e-1	9.290705e-2	1.029058e-1	-	-	-	-	-
77	basic	1.0000	3.221914e-5	6.580353e-5	8.273816e-5	0.5704	4.727117e-4	4.643457e-4	-	1	1	2.180431e-5	3.523246e-5	2.473983e-5	3.607026e-5	3.793865e-5	-	-	-	-	-
78	basic	1.0000	1.854123e-2	4.782343e-2	3.326342e-2	0.6451	5.349398e-1	1.771199e-1	-	0	0	1.913677e-2	1.722504e-2	2.193737e-2	2.286167e-2	1.998623e-2	-	-	-	-	-
79	basic	1.0000	1.422870e-2	6.470060e-2	2.949238e-2	0.5755	3.944696e-1	2.428899e-1	-	0	0	4.854334e-3	1.722394e-2	1.422848e-2	1.675516e-2	1.679912e-2	-	-	-	-	-
80	basic	1.0000	1.545690e-2	7.108688e-2	3.213644e-2	0.5095	4.752874e-1	1.788256e-1	-	0	0	6.568457e-3	1.902015e-2	2.061147e-2	1.946550e-2	1.367146e-2	-	-	-	-	-
81	basic	1.0000	7.874312e-2	1.775939e-1	1.271330e-1	0.7330	1.191701e0	4.429710e-1	-	0	0	8.968108e-2	6.719167e-2	9.307444e-2	8.026694e-2	9.700619e-2	-	-	-	-	-
82	basic	1.0000	4.073660e-2	1.317023e-1	6.732095e-2	0.7241	7.850923e-1	3.983854e-1	-	0	0	3.754989e-2	4.157468e-2	5.126605e-2	4.890407e-2	3.740567e-2	-	-	-	-	-
83	basic	1.0000	4.522768e-2	1.130330e-1	8.143105e-2	0.6794	8.126946e-1	2.624732e-1	-	0	0	4.546696e-2	4.359437e-2	5.595485e-2	4.404262e-2	4.754029e-2	-	-	-	-	-
84	basic	1.0000	5.654282e-2	2.068095e-1	1.286992e-1	0.5096	2.085787e0	8.123285e-1	-	0	0	3.240282e-2	6.675586e-2	5.121164e-2	6.441385e-2	5.611779e-2	-	-	-	-	-
85	basic	1.0000	4.125287e-2	1.646256e-1	7.290762e-2	0.6130	1.061133e0	5.555250e-1	-	0	0	3.335520e-2	3.579068e-2	4.526250e-2	7.918015e-2	5.944123e-2	-	-	-	-	-
86	basic	1.0000	4.698339e-2	1.630042e-1	9.378416e-2	0.5492	1.551597e0	2.765426e-1	-	0	0	2.615329e-2	4.803582e-2	8.848080e-2	1.188486e-1	4.271895e-2	-	-	-	-	-
87	basic	1.0000	1.444061e-2	4.735368e-2	4.204204e-2	0.5184	5.690169e-1	2.531080e-1	-	0	0	4.605388e-3	1.713843e-2	1.595360e-2	1.965137e-2	1.752508e-2	-	-	-	-	-
88	basic	1.0000	7.894659e-2	3.341049e-1	1.692180e-1	0.6369	1.942742e0	9.452782e-1	-	0	0	3.732742e-2	8.279228e-2	1.758008e-1	1.532771e-1	7.827087e-2	-	-	-	-	-
89	basic	1.0000	1.437971e-1	6.447247e-1	3.245816e-1	0.6615	2.924623e0	1.799287e0	-	0	0	6.204339e-2	1.346126e-1	3.781998e-1	3.477521e-1	1.703447e-1	-	-	-	-	-
90	basic	1.0000	2.825488e-4	5.440712e-4	5.940355e-4	0.5617	8.975985e-4	6.874691e-4	-	0	0	2.565954e-4	2.922813e-4	1.815093e-4	1.808458e-4	3.406834e-4	-	-	-	-	-
91	basic	1.0000	8.518516e-2	1.918540e-1	9.712755e-2	0.7620	2.614279e0	9.474788e-1	-	0	0	1.545326e-1	4.536976e-2	9.392985e-2	9.209825e-2	1.151410e-1	-	-	-	-	-
92	basic	1.0000	3.547301e-2	1.631324e-1	8.271031e-2	0.5875	1.181114e0	2.467886e-1	-	0	0	1.076102e-2	4.162315e-2	8.809716e-2	9.861994e-2	1.897242e-2	-	-	-	-	-
93	basic	1.0000	1.030261e-1	3.286457e-1	1.758853e-1	0.7651	2.619469e0	7.164209e-1	-	0	0	1.106149e-1	8.371322e-2	1.946594e-1	2.273273e-1	9.874870e-2	-	-	-	-	-
94	basic	1.0000	1.202859e-1	3.722841e-1	1.874437e-1	0.6740	4.544242e0	3.065690e0	-	0	0	1.461380e-1	1.034207e-1	1.283361e-1	1.552490e-1	1.285716e-1	-	-	-	-	-
95	basic	1.0000	8.039726e-2	2.499299e-1	1.403411e-1	0.6689	2.903159e0	6.996641e-1	-	0	0	9.161278e-2	7.575053e-2	8.840074e-2	8.400001e-2	7.689246e-2	-	-	-	-	-
96	basic	1.0000	2.013211e-1	5.181942e-1	3.090315e-1	0.6198	3.935204e0	1.831627e0	-	0	0	2.640595e-1	1.571327e-1	2.251944e-1	2.667013e-1	2.358073e-1	0.002004	0.033843	-0.057342	-0.057790	-0.003838
97	basic	1.0000	2.137307e-1	5.596565e-1	3.500928e-1	0.6981	2.716170e0	4.872674e-1	-	0	0	2.640177e-1	1.630595e-1	3.130859e-1	3.130943e-1	2.570353e-1	0.000509	0.068551	-0.064093	-0.077517	-0.006001
98	basic	1.0000	4.085564e-2	1.488495e-1	7.815802e-2	0.6615	1.225513e0	6.140530e-1	-	0	0	3.422713e-2	4.634565e-2	3.837829e-2	5.059628e-2	3.030870e-2	-	-	-	-	-
99	basic	1.0000	2.174343e-1	6.425908e-1	3.673714e-1	0.6317	2.277088e0	5.525623e-1	-	0	0	2.656874e-1	1.671932e-1	3.869283e-1	3.549067e-1	2.328812e-1	0.000609	0.064988	-0.070858	-0.083201	-0.005408
100	basic	1.0000	2.069749e-2	6.169999e-2	4.130740e-2	0.6973	2.025606e0	9.203977e-1	-	0	0	2.023689e-2	1.968986e-2	2.102153e-2	1.715741e-2	2.544216e-2	-	-	-	-	-
101	basic	1.0000	1.598126e-1	5.993226e-1	3.317341e-1	0.7017	1.874127e0	5.019831e-1	-	0	0	1.251186e-1	1.650472e-1	3.129517e-1	2.163553e-1	1.336685e-1	-	-	-	-	-
102	basic	1.0000	7.714072e-2	1.755581e-1	1.367583e-1	0.7533	1.978096e0	4.608836e-1	-	0	0	9.682663e-2	5.282953e-2	2.179340e-1	8.397986e-2	8.827835e-2	-	-	-	-	-
103	basic	1.0000	2.018219e-2	8.317804e-2	7.751859e-2	0.5324	1.958874e0	1.893883e0	-	0	0	7.066094e-3	3.003654e-2	9.880392e-3	1.389876e-2	1.057881e-2	-	-	-	-	-
104	basic	1.0000	1.842559e-2	6.135654e-2	2.778834e-2	0.5392	5.642940e-1	1.567823e-1	-	0	0	1.383610e-2	1.912235e-2	2.869850e-2	3.193969e-2	1.623055e-2	-	-	-	-	-
105	basic	1.0000	2.465026e-2	7.455754e-2	3.581169e-2	0.7226	4.207739e-1	1.462120e-1	-	0	0	2.343670e-2	2.430637e-2	2.922351e-2	3.798909e-2	2.281767e-2	-	-	-	-	-
106	basic	1.0000	1.372982e-2	4.091454e-2	1.926551e-2	0.7307	4.336959e-1	7.402456e-2	-	0	0	9.887570e-3	1.495088e-2	1.761624e-2	1.990468e-2	1.241932e-2	-	-	-	-	-
107	basic	1.0000	3.768478e-2	1.120288e-1	6.572394e-2	0.7186	7.057267e-1	3.899355e-1	-	0	0	2.713819e-2	4.174763e-2	3.932594e-2	5.113347e-2	3.517001e-2	-	-	-	-	-
108	basic	1.0000	3.127964e-2	1.003448e-1	6.278806e-2	0.5809	6.855801e-1	4.175447e-1	-	0	0	1.220773e-2	3.870102e-2	2.628942e-2	4.395939e-2	3.165490e-2	-	-	-	-	-
109	basic	1.0000	2.164367e-2	6.921387e-2	4.541438e-2	0.5766	5.239323e-1	2.957071e-1	-	0	0	1.517843e-2	2.534400e-2	1.697043e-2	2.494345e-2	1.897595e-2	-	-	-	-	-
110	basic	1.0000	9.989293e-2	4.362636e-1	2.471145e-1	0.6152	2.385213e0	1.358909e0	-	0	0	3.144468e-2	1.169387e-1	1.253949e-1	1.493720e-1	1.194987e-1	-	-	-	-	-
111	basic	1.0000	7.425776e-2	3.288547e-1	1.549290e-1	0.5080	1.253366e0	7.490046e-1	-	0	0	3.177290e-2	8.101285e-2	6.704457e-2	9.127710e-2	1.088768e-1	-	-	-	-	-
112	basic	1.0000	6.300801e-2	2.719884e-1	1.066156e-1	0.5586	1.462812e0	3.724535e-1	-	0	0	4.918313e-2	6.202253e-2	7.464224e-2	7.990141e-2	7.792518e-2	-	-	-	-	-
113	basic	1.0000	1.141641e-2	3.836519e-2	1.728647e-2	0.5531	3.531491e-1	7.652117e-2	-	0	0	5.357096e-3	1.290746e-2	1.549699e-2	1.703468e-2	1.238739e-2	-	-	-	-	-
114	basic	1.0000	1.449009e-1	5.194080e-1	2.783317e-1	0.6279	2.869674e0	1.159489e0	-	0	0	1.093336e-1	1.210356e-1	3.447578e-1	2.802959e-1	1.823700e-1	-	-	-	-	-
115	basic	1.0000	1.003969e-1	4.210720e-1	2.049157e-1	0.6141	2.245562e0	9.461540e-1	-	0	0	4.764864e-2	9.715819e-2	2.354176e-1	2.097765e-1	1.188664e-1	-	-	-	-	-
116	basic	1.0000	1.998022e-4	4.887581e-4	2.897675e-4	0.6421	1.566099e-3	6.855362e-4	-	0	0	2.549350e-4	1.374030e-4	1.470883e-4	1.612318e-4	3.522332e-4	-	-	-	-	-
117	basic	1.0000	1.824636e-2	6.822538e-2	3.011112e-2	0.5583	5.651512e-1	1.909927e-1	-	0	0	1.185966e-2	1.854825e-2	1.943510e-2	1.885358e-2	2.564440e-2	-	-	-	-	-
118	basic	1.0000	1.461010e-2	6.012022e-2	2.717066e-2	0.5329	4.984859e-1	2.107875e-1	-	0	0	9.375761e-3	1.431015e-2	1.981156e-2	1.729246e-2	2.073144e-2	-	-	-	-	-
119	basic	1.0000	1.482129e-2	4.880857e-2	2.417389e-2	0.5719	5.040546e-1	1.644863e-1	-	0	0	9.795560e-3	1.481165e-2	1.639407e-2	1.472582e-2	2.141902e-2	-	-	-	-	-
120	basic	1.0000	3.339499e-2	1.243957e-1	1.026137e-1	0.5546	1.180796e0	2.248231e-1	-	0	0	1.280199e-2	4.571701e-2	3.379058e-2	2.381009e-2	2.392550e-2	-	-	-	-	-
121	basic	1.0000	2.885421e-2	1.010465e-1	4.995837e-2	0.7176	8.399598e-1	1.806141e-1	-	0	0	1.602808e-2	3.422774e-2	3.735187e-2	4.161488e-2	2.346193e-2	-	-	-	-	-
122	basic	1.0000	3.989031e-2	1.375794e-1	7.257396e-2	0.7271	1.125738e0	2.257290e-1	-	0	0	2.138187e-2	5.018718e-2	4.404896e-2	4.764824e-2	2.873383e-2	-	-	-	-	-
123	basic	1.0000	6.582819e-2	2.306952e-1	1.272037e-1	0.6181	2.538857e0	1.095615e0	-	0	0	5.020646e-2	6.813615e-2	6.946390e-2	8.446406e-2	7.424983e-2	-	-	-	-	-
124	basic	1.0000	4.109828e-2	1.352983e-1	7.173241e-2	0.6041	9.389466e-1	6.760559e-1	-	0	0	3.583507e-2	3.811772e-2	6.540046e-2	6.877671e-2	4.438756e-2	-	-	-	-	-
125	basic	1.0000	5.760299e-2	1.939985e-1	1.013436e-1	0.6035	1.950631e0	5.958046e-1	-	0	0	4.823748e-2	5.161604e-2	1.042188e-1	1.109255e-1	6.372375e-2	-	-	-	-	-
126	basic	1.0000	2.094140e-2	6.124330e-2	6.571824e-2	0.6701	6.648580e-1	2.811807e-1	-	0	0	1.087546e-2	2.413673e-2	2.238302e-2	2.739138e-2	2.242322e-2	-	-	-	-	-
127	basic	1.0000	8.702229e-2	3.687199e-1	1.748019e-1	0.6329	2.634530e0	1.046535e0	-	0	0	5.580060e-2	9.090185e-2	1.716740e-1	9.980195e-2	9.073194e-2	-	-	-	-	-
128	basic	1.0000	8.901836e-2	3.222982e-1	1.971801e-1	0.7783	1.987262e0	1.733410e0	-	0	0	5.600657e-2	8.567116e-2	1.535083e-1	1.211012e-1	1.196873e-1	-	-	-	-	-
129	basic	1.0000	3.442207e-4	7.905960e-4	5.121138e-4	0.7370	3.948190e-4	3.046055e-4	-	0	0	5.171267e-4	2.483087e-4	2.293360e-4	1.835664e-4	4.910759e-4	-	-	-	-	-
130	basic	1.0000	4.727624e-2	1.421576e-1	1.091366e-1	0.5707	2.455013e0	5.218250e-1	-	0	0	3.498997e-2	4.971344e-2	1.029426e-1	7.233080e-2	3.443437e-2	-	-	-	-	-
131	basic	1.0000	4.831481e-2	1.397030e-1	9.873418e-2	0.7208	1.662938e0	5.209491e-1	-	0	0	4.100034e-2	4.298652e-2	1.199131e-1	9.049914e-2	4.523193e-2	-	-	-	-	-
132	basic	1.0000	6.040741e-2	1.731887e-1	9.702649e-2	0.7322	1.527337e0	5.512906e-1	-	0	0	7.615392e-2	4.579073e-2	8.937985e-2	6.875437e-2	7.621108e-2	-	-	-	-	-
133	basic	1.0000	1.559020e-1	6.576931e-1	2.701537e-1	0.6758	5.648630e0	3.154991e0	-	0	0	1.446315e-1	1.468171e-1	2.412358e-1	3.245112e-1	1.348955e-1	-	-	-	-	-
134	basic	1.0000	6.833130e-2	2.136707e-1	9.760753e-2	0.6912	2.837460e0	1.142937e0	-	0	0	1.013286e-1	4.848224e-2	7.371061e-2	7.367975e-2	8.468692e-2	-	-	-	-	-
135	basic	1.0000	1.523574e-1	4.216142e-1	1.985239e-1	0.6961	4.291876e0	2.113670e0	-	0	0	2.549885e-1	9.316577e-2	1.520760e-1	1.255956e-1	2.106009e-1	-	-	-	-	-
136	basic	1.0000	1.281620e-1	3.208070e-1	1.535087e-1	0.7616	2.019560e0	5.253051e-1	-	0	0	1.967653e-1	8.421882e-2	1.573899e-1	1.236140e-1	1.698294e-1	-	-	-	-	-
137	basic	1.0000	9.800828e-2	4.338341e-1	1.802399e-1	0.6755	2.171519e0	9.750996e-1	-	0	0	6.384872e-2	1.071229e-1	1.692724e-1	1.958992e-1	7.093023e-2	-	-	-	-	-
138	basic	1.0000	1.221959e-1	3.174319e-1	1.544769e-1	0.7287	2.061566e0	6.292256e-1	-	0	0	2.039365e-1	6.967762e-2	1.812459e-1	1.386906e-1	1.600496e-1	-	-	-	-	-
139	basic	1.0000	2.349285e-2	5.159247e-2	4.944432e-2	0.6621	2.225032e0	8.259895e-1	-	0	0	2.735921e-2	2.037023e-2	2.328499e-2	1.757734e-2	2.990602e-2	-	-	-	-	-
140	basic	1.0000	5.643448e-2	1.804103e-1	1.148583e-1	0.5410	1.408183e0	2.733000e-1	-	0	0	3.461174e-2	6.332413e-2	1.020783e-1	9.082074e-2	4.270543e-2	-	-	-	-	-
141	basic	1.0000	4.690408e-2	1.051226e-1	8.741280e-2	0.7380	1.410963e0	2.757855e-1	-	0	0	5.251051e-2	3.665486e-2	1.266492e-1	4.564620e-2	5.066943e-2	-	-	-	-	-
142	basic	1.0000	2.849991e-2	6.676388e-2	5.303431e-2	0.7862	1.117017e0	4.954611e-1	-	0	0	2.456778e-2	3.126753e-2	2.258234e-2	2.865346e-2	2.651208e-2	-	-	-	-	-
143	basic	1.0000	6.581816e-2	1.554264e-1	7.898225e-2	0.8160	7.717209e-1	4.382917e-1	-	0	0	7.546130e-2	5.260332e-2	8.741013e-2	8.809998e-2	8.406214e-2	-	-	-	-	-
144	basic	1.0000	3.571922e-2	1.130086e-1	4.507336e-2	0.7532	6.595891e-1	2.529356e-1	-	0	0	5.027565e-2	2.494368e-2	3.102576e-2	2.290894e-2	5.535982e-2	-	-	-	-	-
145	basic	1.0000	5.553298e-2	1.439891e-1	6.510136e-2	0.8487	7.202204e-1	3.802685e-1	-	0	0	6.820858e-2	4.266011e-2	6.582380e-2	6.149481e-2	7.572661e-2	-	-	-	-	-
146	basic	1.0000	1.364364e-1	3.290775e-1	1.620661e-1	0.8246	1.113391e0	4.786258e-1	-	0	0	1.774171e-1	1.084075e-1	1.483012e-1	1.276872e-1	1.702478e-1	-	-	-	-	-
147	basic	1.0000	6.784096e-2	2.045121e-1	8.851469e-2	0.7943	1.061161e0	3.594405e-1	-	0	0	6.252169e-2	6.428763e-2	8.490313e-2	9.931559e-2	7.415797e-2	-	-	-	-	-
148	basic	1.0000	1.111305e-1	2.731006e-1	1.278475e-1	0.7967	1.046730e0	3.927773e-1	-	0	0	1.355046e-1	8.994479e-2	1.289641e-1	1.310513e-1	1.366822e-1	-	-	-	-	-
149	basic	1.0000	9.022156e-2	3.086560e-1	2.048003e-1	0.6528	2.863320e0	1.781556e0	-	0	0	5.090649e-2	1.042417e-1	9.901037e-2	1.022617e-1	9.339294e-2	-	-	-	-	-
150	basic	1.0000	7.045558e-2	3.390055e-1	1.376739e-1	0.5796	1.507163e0	7.059269e-1	-	0	0	2.650912e-2	8.031001e-2	1.306265e-1	1.514947e-1	6.191066e-2	-	-	-	-	-
151	basic	1.0000	1.208026e-1	4.119612e-1	2.164486e-1	0.6264	2.648082e0	6.347900e-1	-	0	0	7.380179e-2	1.208580e-1	2.219505e-1	2.566097e-1	1.233207e-1	-	-	-	-	-
152	basic	1.0000	1.355079e-2	4.322457e-2	2.227330e-2	0.6407	3.816167e-1	9.237519e-2	-	0	0	6.706855e-3	1.521482e-2	1.751342e-2	1.854236e-2	1.523603e-2	-	-	-	-	-
153	basic	1.0000	7.035780e-2	2.658439e-1	1.426797e-1	0.6261	2.778740e0	1.269543e0	-	0	0	5.932671e-2	6.900625e-2	9.850701e-2	4.319626e-2	8.907311e-2	-	-	-	-	-
154	basic	1.0000	7.715982e-2	2.821031e-1	1.798593e-1	0.7470	1.975638e0	1.592867e0	-	0	0	4.534567e-2	8.401883e-2	1.624037e-1	8.207000e-2	7.374533e-2	-	-	-	-	-
155	basic	1.0000	9.566560e-4	2.658844e-3	1.385821e-3	0.6322	6.492938e-3	2.955591e-3	-	0	0	1.482223e-3	6.254098e-4	7.722798e-4	7.432987e-4	1.417649e-3	-	-	-	-	-
156	peaks	1.0000	1.440834e-1	4.829937e-1	2.691880e-1	0.5645	2.797551e0	1.748526e0	-	0	0	7.735544e-2	1.610821e-1	1.464295e-1	1.946913e-1	1.676602e-1	-	-	-	-	-
157	peaks	1.0000	1.836399e-1	7.653115e-1	4.029470e-1	0.5833	5.349144e0	3.036498e0	-	0	0	6.945695e-2	2.402417e-1	1.162727e-1	1.567756e-1	1.824249e-1	-	-	-	-	-
158	peaks	1.0000	2.250222e-1	8.253000e-1	4.500543e-1	0.5307	3.708678e0	1.554136e0	-	0	0	2.100125e-1	1.941731e-1	2.194853e-1	3.324696e-1	3.214491e-1	-0.005266	-0.099566	-0.022559	-0.055714	-0.007925
159	peaks	1.0000	1.122724e-1	3.702239e-1	1.684853e-1	0.5582	2.446188e0	6.133917e-1	-	0	0	6.656195e-2	1.246574e-1	1.527751e-1	2.406169e-1	9.146774e-2	-	-	-	-	-
160	peaks	1.0000	1.222946e-1	5.317459e-1	2.362955e-1	0.5471	3.826774e0	1.942740e0	-	0	0	4.502581e-2	1.522784e-1	1.049821e-1	1.397712e-1	1.318222e-1	-	-	-	-	-
161	peaks	1.0000	1.279303e-1	4.739480e-1	3.655912e-1	0.5016	3.042851e0	1.648578e0	-	0	0	5.350012e-2	1.182111e-1	5.550628e-2	6.465468e-2	2.994652e-1	-	-	-	-	-
162	peaks	1.0000	3.212787e-1	1.010331e0	6.322953e-1	0.5834	5.791321e0	3.513421e0	-	0	0	1.784016e-1	3.896570e-1	2.459938e-1	3.361396e-1	3.130297e-1	-0.001024	0.039171	-0.028341	-0.031761	-0.012218
163	peaks	1.0000	2.738340e-1	1.154888e0	4.842857e-1	0.5426	8.797110e0	2.358965e0	-	0	0	9.632583e-2	2.995396e-1	3.567344e-1	5.190250e-1	3.511409e-1	-0.000279	-0.083263	-0.054762	-0.078841	-0.011965
164	peaks	1.0000	3.644029e-1	1.444644e0	7.773369e-1	0.5376	9.723102e0	3.383158e0	-	0	0	1.102589e-1	4.420850e-1	4.073783e-1	5.073845e-1	4.147934e-1	-0.001800	-0.262854	0.026577	-0.009285	-0.010317
165	peaks	1.0000	1.689695e-1	6.193824e-1	3.208953e-1	0.5872	4.752223e0	2.012224e0	-	0	0	7.257865e-2	2.084562e-1	1.930784e-1	2.655432e-1	1.423582e-1	-	-	-	-	-
166	peaks	1.0000	2.667144e-1	8.092515e-1	4.693992e-1	0.6374	6.171150e0	2.446944e0	-	0	0	2.807491e-1	2.539161e-1	2.308326e-1	2.802509e-1	2.958093e-1	-0.001830	-0.165264	0.039735	0.020746	0.000333
167	peaks	1.0000	4.348582e-1	2.275195e0	8.701065e-1	0.5477	4.606358e0	1.818550e0	-	0	0	1.257124e-1	5.315896e-1	6.398644e-1	9.772848e-1	3.530724e-1	0.000347	-0.417861	0.099553	0.123239	0.007188
168	peaks	1.0000	1.425014e-1	3.915033e-1	3.875544e-1	0.5284	2.857357e0	2.164452e0	-	0	0	6.648238e-2	1.749281e-1	7.107222e-2	1.207208e-1	1.673566e-1	-	-	-	-	-
169	peaks	1.0000	2.441212e-1	9.398445e-1	5.289791e-1	0.7003	5.818149e0	3.508360e0	-	0	0	1.392466e-1	2.927876e-1	1.646074e-1	2.228261e-1	2.579840e-1	-0.004700	-0.124546	-0.007584	-0.024947	-0.003852
170	peaks	1.0000	2.096339e-1	7.123164e-1	5.282907e-1	0.5620	3.365876e0	1.805726e0	-	0	0	1.510048e-1	2.093883e-1	1.252280e-1	9.831478e-2	3.436368e-1	-0.007452	-0.144126	0.018163	-0.003556	-0.011082
171	peaks	1.0000	1.084431e-1	5.048923e-1	2.043388e-1	0.5703	3.289402e0	1.174457e0	-	0	0	5.294781e-2	1.101985e-1	7.973737e-2	1.588973e-1	1.751211e-1	-	-	-	-	-
172	peaks	1.0000	1.122689e-1	4.149221e-1	2.041643e-1	0.5150	3.591015e0	2.201127e0	-	0	0	4.630489e-2	1.337143e-1	1.151663e-1	1.432376e-1	1.250076e-1	-	-	-	-	-
173	peaks	1.0000	1.570400e-1	7.404128e-1	3.739110e-1	0.5084	2.683707e0	1.416814e0	-	0	0	1.659251e-1	7.503652e-2	6.513148e-2	8.182922e-2	4.582161e-1	-	-	-	-	-
174	peaks	1.0000	8.603394e-2	3.243042e-1	1.317316e-1	0.7223	2.520887e0	9.161394e-1	-	0	0	3.869007e-2	9.223701e-2	8.868089e-2	1.209051e-1	1.219475e-1	-	-	-	-	-
175	peaks	1.0000	1.087589e-1	4.212644e-1	2.340594e-1	0.5808	3.894158e0	1.718693e0	-	0	0	3.946194e-2	1.181678e-1	1.138274e-1	1.331496e-1	1.666311e-1	-	-	-	-	-
176	peaks	1.0000	1.649197e-1	6.170269e-1	3.137427e-1	0.6071	4.340126e0	2.424702e0	-	0	0	9.832113e-2	1.504617e-1	1.385793e-1	2.928795e-1	2.799596e-1	-	-	-	-	-
177	peaks	1.0000	6.852036e-2	2.222759e-1	1.076061e-1	0.6428	1.876041e0	4.118027e-1	-	0	0	5.146782e-2	6.595089e-2	1.026831e-1	1.441705e-1	7.198073e-2	-	-	-	-	-
178	peaks	1.0000	6.659765e-2	2.583313e-1	1.129341e-1	0.6969	1.888825e0	7.015037e-1	-	0	0	3.219594e-2	7.435573e-2	6.680894e-2	7.164081e-2	8.763681e-2	-	-	-	-	-
179	peaks	1.0000	2.376347e-1	1.094929e0	4.508597e-1	0.5679	3.195274e0	1.325828e0	-	0	0	1.444267e-1	2.317877e-1	2.708973e-1	4.944711e-1	3.122120e-1	-0.003119	-0.012476	0.024985	0.071553	-0.005174
180	peaks	1.0000	8.922130e-2	3.739270e-1	1.576192e-1	0.5226	2.545429e0	1.532470e0	-	0	0	3.112873e-2	1.098741e-1	1.000587e-1	1.489658e-1	8.413781e-2	-	-	-	-	-
181	peaks	1.0000	3.085273e-1	9.794489e-1	4.668575e-1	0.5855	6.416957e0	1.847782e0	-	0	0	3.446762e-1	2.651889e-1	4.119953e-1	5.423844e-1	3.123709e-1	-0.000086	0.090746	-0.114277	-0.109723	-0.009864
182	peaks	1.0000	2.832764e-1	1.190439e0	5.114442e-1	0.5668	5.489031e0	1.711661e0	-	0	0	1.555617e-1	2.837595e-1	4.988235e-1	7.612521e-1	2.781784e-1	-0.000412	0.048983	-0.125376	-0.176906	-0.012128
183	peaks	1.0000	1.782408e-1	4.698334e-1	2.491286e-1	0.6614	3.965759e0	8.442632e-1	-	0	0	2.322705e-1	1.494617e-1	2.351411e-1	2.754598e-1	1.570310e-1	-	-	-	-	-
184	peaks	1.0000	2.586968e-1	9.491019e-1	4.187046e-1	0.5067	4.585666e0	1.362075e0	-	0	0	2.527351e-1	2.319113e-1	2.859836e-1	4.883630e-1	2.892084e-1	-0.000652	-0.095486	0.046603	0.070009	0.004489
185	peaks	1.0000	1.505137e-1	5.833710e-1	2.640268e-1	0.5285	4.410145e0	9.237921e-1	-	0	0	7.512636e-2	1.719429e-1	1.842333e-1	2.793310e-1	1.430815e-1	-	-	-	-	-
186	peaks	1.0000	9.999232e-2	3.399744e-1	1.738348e-1	0.5238	2.582283e0	1.046182e0	-	0	0	3.928809e-2	1.046793e-1	1.442762e-1	2.024159e-1	1.307303e-1	-	-	-	-	-
187	peaks	1.0000	9.672401e-2	4.350123e-1	2.065731e-1	0.5909	3.106536e0	1.495716e0	-	0	0	3.205372e-2	1.100036e-1	8.906220e-2	1.298890e-1	1.368369e-1	-	-	-	-	-
188	peaks	1.0000	1.917854e-1	7.431573e-1	4.310508e-1	0.5586	5.539120e0	2.398915e0	-	0	0	6.933832e-2	1.875113e-1	2.120789e-1	2.863809e-1	3.463837e-1	-	-	-	-	-
189	peaks	1.0000	6.969932e-2	2.138076e-1	1.162588e-1	0.6334	1.598210e0	6.410257e-1	-	0	0	5.593691e-2	6.859693e-2	6.886947e-2	1.124363e-1	8.188981e-2	-	-	-	-	-
190	peaks	1.0000	6.075945e-2	2.490897e-1	1.082545e-1	0.5483	2.010157e0	6.884996e-1	-	0	0	2.411913e-2	6.473956e-2	8.878837e-2	1.144605e-1	7.722281e-2	-	-	-	-	-
191	peaks	1.0000	2.395525e-1	1.136514e0	4.829882e-1	0.5736	3.891919e0	1.697434e0	-	0	0	1.204278e-1	2.413117e-1	2.888350e-1	3.670442e-1	3.533361e-1	-0.001358	-0.036726	0.047226	0.073219	-0.009904
192	peaks	1.0000	6.082892e-2	2.196426e-1	9.732958e-2	0.5859	1.995460e0	7.782522e-1	-	0	0	3.539402e-2	6.396557e-2	1.054057e-1	1.055742e-1	6.210700e-2	-	-	-	-	-
193	peaks	1.0000	6.208796e-2	2.438288e-1	1.167524e-1	0.5991	2.312417e0	8.405758e-1	-	0	0	2.892381e-2	6.153394e-2	7.232110e-2	8.458362e-2	1.014418e-1	-	-	-	-	-
194	peaks	1.0000	2.198997e-1	1.056629e0	4.855494e-1	0.5147	4.781428e0	2.187537e0	-	0	0	5.278807e-2	2.269015e-1	3.994889e-1	7.401987e-1	2.475827e-1	-0.000066	0.087083	-0.089465	-0.198704	-0.009770
195	peaks	1.0000	3.722447e-2	1.245718e-1	5.970686e-2	0.7591	1.003881e0	4.897635e-1	-	0	0	2.651885e-2	3.728174e-2	4.937607e-2	5.940931e-2	4.291028e-2	-	-	-	-	-
196	peaks	1.0000	1.357730e-1	3.545004e-1	1.960034e-1	0.6785	2.276202e0	7.530684e-1	-	0	0	1.320468e-1	1.261246e-1	1.951595e-1	2.145831e-1	1.360518e-1	-	-	-	-	-
197	peaks	1.0000	1.721415e-1	6.550400e-1	2.754413e-1	0.5268	2.806522e0	1.168029e0	-	0	0	1.675977e-1	1.499255e-1	2.137145e-1	2.968365e-1	2.081726e-1	-	-	-	-	-
198	peaks	1.0000	1.673688e-1	4.944509e-1	2.746816e-1	0.7266	5.204958e0	1.607264e0	-	0	0	1.676116e-1	1.517147e-1	2.973596e-1	3.975177e-1	1.238589e-1	-	-	-	-	-
199	peaks	1.0000	1.787381e-1	5.419836e-1	2.301515e-1	0.6971	4.758631e0	1.588927e0	-	0	0	2.703026e-1	1.337983e-1	1.551053e-1	1.706533e-1	2.074803e-1	-	-	-	-	-
200	peaks	1.0000	2.666491e-1	7.146264e-1	3.946848e-1	0.6095	4.654338e0	2.606008e0	-	0	0	2.959992e-1	2.375597e-1	3.609640e-1	4.465551e-1	2.494060e-1	0.000647	0.015193	-0.075710	-0.099520	-0.004861
201	peaks	1.0000	1.215736e-1	2.806039e-1	1.636020e-1	0.7362	3.032576e0	6.299159e-1	-	0	0	1.825461e-1	9.466020e-2	1.329724e-1	1.446405e-1	1.160584e-1	-	-	-	-	-
202	peaks	1.0000	2.076593e-1	9.573685e-1	3.806896e-1	0.5058	5.581406e0	1.046859e0	-	0	0	1.003857e-1	2.322682e-1	3.436351e-1	5.392867e-1	1.542959e-1	-0.001933	-0.139430	0.063036	0.083890	0.004542
203	peaks	1.0000	2.582346e-1	1.201511e0	4.841187e-1	0.6008	4.064749e0	1.583884e0	-	0	0	1.856849e-1	2.737211e-1	4.215597e-1	4.666310e-1	2.099350e-1	-0.003056	-0.214074	0.054986	0.069672	0.005050
204	peaks	1.0000	9.479894e-2	2.982742e-1	1.326588e-1	0.6992	2.101847e0	9.146956e-1	-	0	0	1.007419e-1	8.236815e-2	9.897559e-2	1.007752e-1	1.246086e-1	-	-	-	-	-
205	peaks	1.0000	6.661518e-2	2.335327e-1	1.218591e-1	0.5639	1.819090e0	8.990194e-1	-	0	0	6.405705e-2	5.069758e-2	6.179844e-2	6.693853e-2	1.236125e-1	-	-	-	-	-
206	peaks	1.0000	1.226410e-1	5.261621e-1	3.063759e-1	0.5487	4.710246e0	2.901718e0	-	0	0	4.361326e-2	1.229259e-1	7.547241e-2	1.174119e-1	2.460543e-1	-	-	-	-	-
207	peaks	1.0000	1.012892e-1	2.392902e-1	1.207840e-1	0.7490	1.229355e0	4.185679e-1	-	0	0	1.323350e-1	7.681351e-2	1.098382e-1	1.407989e-1	1.260175e-1	-	-	-	-	-
208	peaks	1.0000	4.805356e-2	1.215956e-1	1.022473e-1	0.5912	1.165912e0	7.765935e-1	-	0	0	4.245693e-2	5.259417e-2	3.734874e-2	4.676485e-2	4.427284e-2	-	-	-	-	-
209	peaks	1.0000	1.852648e-1	8.384324e-1	3.504170e-1	0.5310	2.977813e0	1.486996e0	-	0	0	8.247459e-2	1.968666e-1	2.820715e-1	3.554495e-1	2.200007e-1	-	-	-	-	-
210	peaks	1.0000	4.308250e-2	1.599276e-1	7.981872e-2	0.6215	1.502071e0	8.165102e-1	-	0	0	2.513260e-2	4.632185e-2	6.920989e-2	5.869890e-2	4.614211e-2	-	-	-	-	-
211	peaks	1.0000	4.405210e-2	1.883807e-1	8.022311e-2	0.6261	1.590213e0	4.300433e-1	-	0	0	3.066068e-2	4.605619e-2	5.719034e-2	6.668678e-2	4.669842e-2	-	-	-	-	-
212	peaks	1.0000	1.134821e-1	4.254380e-1	2.147982e-1	0.6252	3.626945e0	1.693469e0	-	0	0	5.252456e-2	1.106123e-1	2.006764e-1	2.624708e-1	1.455682e-1	-	-	-	-	-
213	peaks	1.0000	3.760949e-2	1.310163e-1	5.741835e-2	0.7438	1.057047e0	4.986663e-1	-	0	0	3.300937e-2	3.659613e-2	4.949682e-2	3.784249e-2	4.393128e-2	-	-	-	-	-
214	peaks	1.0000	4.382992e-2	1.492891e-1	7.508386e-2	0.7135	1.494784e0	3.215666e-1	-	0	0	4.083440e-2	4.322225e-2	4.563512e-2	5.301983e-2	4.716018e-2	-	-	-	-	-
215	peaks	1.0000	1.563905e-1	5.432779e-1	2.795862e-1	0.5890	2.422338e0	8.813394e-1	-	0	0	1.014219e-1	1.471145e-1	2.504680e-1	3.742681e-1	1.818511e-1	-	-	-	-	-
216	peaks	1.0000	2.034849e-1	5.382899e-1	4.211471e-1	0.7061	5.628895e0	1.570439e0	-	0	0	1.538479e-1	1.683995e-1	5.279980e-1	5.964939e-1	1.973660e-1	0.002016	0.073534	-0.114666	-0.162842	-0.003562
217	peaks	1.0000	1.102898e-1	4.557639e-1	2.024848e-1	0.6173	5.062769e0	2.255909e0	-	0	0	5.045498e-2	1.342733e-1	1.241868e-1	1.719684e-1	9.536449e-2	-	-	-	-	-
218	peaks	1.0000	2.396660e-1	6.494942e-1	3.170774e-1	0.7338	6.001949e0	3.430010e0	-	0	0	3.556190e-1	1.769440e-1	2.799201e-1	2.344195e-1	2.741814e-1	0.002937	-0.069216	-0.007832	-0.001178	-0.001679
219	peaks	1.0000	5.957171e-2	1.903212e-1	1.190371e-1	0.7117	2.948082e0	8.677106e-1	-	0	0	2.969007e-2	6.569355e-2	1.170914e-1	9.362810e-2	5.631061e-2	-	-	-	-	-
220	peaks	1.0000	1.782408e-1	6.530236e-1	3.147770e-1	0.5690	5.758038e0	1.693190e0	-	0	0	1.036635e-1	1.936378e-1	2.741206e-1	3.966264e-1	1.494405e-1	-	-	-	-	-
221	peaks	1.0000	1.967516e-1	1.004146e0	3.787657e-1	0.6249	4.932532e0	2.299668e0	-	0	0	8.167723e-2	2.411467e-1	3.179142e-1	3.778041e-1	1.314982e-1	0.000150	-0.165082	0.044459	0.067593	0.003015
222	peaks	1.0000	9.330921e-2	2.084250e-1	1.014047e-1	0.7898	1.430647e0	6.343712e-1	-	0	0	1.677916e-1	4.449805e-2	9.397329e-2	8.012367e-2	1.529502e-1	-	-	-	-	-
223	peaks	1.0000	5.630456e-2	1.909379e-1	9.837691e-2	0.5566	1.965349e0	5.353198e-1	-	0	0	3.612441e-2	5.512477e-2	6.933418e-2	7.187462e-2	8.063150e-2	-	-	-	-	-
224	peaks	1.0000	1.284749e-1	6.448431e-1	2.662343e-1	0.5615	4.957285e0	2.588737e0	-	0	0	4.330028e-2	1.420264e-1	1.563502e-1	1.660184e-1	1.851191e-1	-	-	-	-	-
225	peaks	1.0000	5.143054e-2	1.334119e-1	7.098537e-2	0.6275	1.330078e0	3.357069e-1	-	0	0	5.855073e-2	4.019855e-2	5.908370e-2	7.414491e-2	7.047936e-2	-	-	-	-	-
226	peaks	1.0000	5.136154e-2	2.031733e-1	9.366528e-2	0.6667	1.580288e0	4.973677e-1	-	0	0	1.663736e-2	6.647093e-2	6.642763e-2	7.808191e-2	3.912173e-2	-	-	-	-	-
227	peaks	1.0000	1.795064e-1	7.045035e-1	3.052014e-1	0.5546	2.541047e0	9.146878e-1	-	0	0	1.234233e-1	1.770005e-1	2.693360e-1	3.440111e-1	1.989754e-1	-	-	-	-	-
228	masked	1.0000	7.833309e-2	2.860600e-1	1.353500e-1	0.5318	3.663521e0	8.815201e-1	-	0	0	4.297035e-2	8.453367e-2	9.963114e-2	1.527748e-1	8.239973e-2	-	-	-	-	-
229	masked	1.0000	5.257509e-2	1.830023e-1	8.877894e-2	0.6362	1.801425e0	3.816798e-1	-	0	0	2.873156e-2	5.396168e-2	5.817606e-2	1.327784e-1	5.936314e-2	-	-	-	-	-
230	masked	1.0000	7.372614e-2	2.590590e-1	1.051512e-1	0.6437	1.865713e0	4.435570e-1	-	0	0	6.898054e-2	6.864031e-2	8.474381e-2	8.859810e-2	9.015075e-2	-	-	-	-	-
231	masked	1.0000	1.509042e-1	4.614219e-1	2.619980e-1	0.6373	4.309208e0	2.532999e0	-	0	0	1.020782e-1	1.759333e-1	1.341113e-1	1.739174e-1	1.356104e-1	-	-	-	-	-
232	masked	1.0000	1.160334e-1	5.273514e-1	2.648947e-1	0.5093	2.527747e0	1.284129e0	-	0	0	9.070332e-2	9.647555e-2	5.566113e-2	7.136358e-2	2.435246e-1	-	-	-	-	-
233	masked	1.0000	4.678768e-2	1.032994e-1	1.112849e-1	0.7667	1.483196e0	6.125570e-1	-	0	0	5.867401e-2	3.280137e-2	3.314766e-2	5.277980e-2	7.842891e-2	-	-	-	-	-
234	masked	1.0000	2.334809e-1	8.332632e-1	3.985577e-1	0.5026	6.969634e0	1.178124e0	-	0	0	1.438954e-1	2.587949e-1	3.059346e-1	3.653914e-1	2.214036e-1	0.001014	-0.112052	0.032176	0.042816	0.001856
235	masked	1.0000	3.332515e-1	8.751825e-1	4.427234e-1	0.6157	4.375655e0	1.375884e0	-	0	0	5.144024e-1	2.416532e-1	2.666121e-1	2.622383e-1	4.183800e-1	-0.006714	0.086525	-0.059781	-0.035140	-0.010557
236	masked	1.0000	2.420841e-1	6.225543e-1	3.071750e-1	0.6746	4.195392e0	1.070850e0	-	0	0	3.693893e-1	1.802199e-1	2.404428e-1	2.242315e-1	2.729384e-1	-0.003112	0.056032	-0.036904	-0.017428	-0.005185
237	masked	1.0000	3.456910e-1	1.267320e0	8.444497e-1	0.5476	9.786386e0	7.241115e0	-	0	0	7.984053e-2	4.657263e-1	3.797533e-1	5.170047e-1	2.688770e-1	-0.000924	-0.132700	-0.057062	-0.099825	-0.008572
238	masked	1.0000	4.509987e-1	2.194029e0	1.057170e0	0.6285	5.556420e0	4.153534e0	-	0	0	2.067992e-1	5.736222e-1	4.580058e-1	7.161914e-1	3.195280e-1	-0.002985	-0.382690	0.083645	0.100587	0.003852
239	masked	1.0000	7.572545e-2	1.960288e-1	1.483594e-1	0.7294	5.827115e0	1.333102e0	-	0	0	9.579380e-2	5.912892e-2	7.754878e-2	1.311634e-1	8.774920e-2	-	-	-	-	-
240	masked	1.0000	1.133521e-1	3.069553e-1	1.683494e-1	0.7046	3.473097e0	7.123065e-1	-	0	0	1.217453e-1	1.071683e-1	1.213244e-1	1.637514e-1	1.070143e-1	-	-	-	-	-
241	masked	1.0000	7.408425e-2	2.566049e-1	1.336261e-1	0.5066	2.790148e0	9.844461e-1	-	0	0	4.279916e-2	6.693274e-2	6.286716e-2	1.582355e-1	1.229172e-1	-	-	-	-	-
242	masked	1.0000	8.204752e-2	3.007603e-1	1.197871e-1	0.6603	2.328164e0	6.786764e-1	-	0	0	8.243389e-2	7.153369e-2	8.197714e-2	9.472139e-2	1.127960e-1	-	-	-	-	-
243	masked	1.0000	1.237189e-1	4.435157e-1	2.651742e-1	0.5692	4.079255e0	3.182738e0	-	0	0	2.905017e-2	1.663035e-1	1.135707e-1	1.812935e-1	1.039996e-1	-	-	-	-	-
244	masked	1.0000	1.219233e-1	5.184300e-1	3.227641e-1	0.5015	2.491691e0	1.447198e0	-	0	0	5.193617e-2	1.153980e-1	6.691494e-2	9.349953e-2	2.631443e-1	-	-	-	-	-
245	masked	1.0000	4.670162e-2	1.181014e-1	6.261256e-2	0.8011	1.265925e0	4.723333e-1	-	0	0	5.453904e-2	3.073618e-2	4.325802e-2	7.147143e-2	8.286166e-2	-	-	-	-	-
246	masked	1.0000	6.976353e-2	2.151265e-1	1.023009e-1	0.7405	1.585741e0	5.303331e-1	-	0	0	1.025669e-1	5.056962e-2	7.098906e-2	8.101107e-2	8.391792e-2	-	-	-	-	-
247	masked	1.0000	5.302321e-2	1.901691e-1	9.570350e-2	0.5923	1.339201e0	4.121571e-1	-	0	0	3.104559e-2	5.684065e-2	8.203129e-2	9.916705e-2	5.127813e-2	-	-	-	-	-
248	masked	1.0000	4.727893e-2	1.666956e-1	9.388546e-2	0.6273	1.246423e0	4.885175e-1	-	0	0	2.662967e-2	5.209504e-2	7.146351e-2	6.671767e-2	4.850161e-2	-	-	-	-	-
249	masked	1.0000	5.614006e-2	1.922617e-1	8.428050e-2	0.5100	1.808302e0	6.640131e-1	-	0	0	2.905255e-2	5.856888e-2	5.502620e-2	7.288017e-2	8.190624e-2	-	-	-	-	-
250	masked	1.0000	1.935282e-1	6.406585e-1	3.394810e-1	0.5200	2.575917e0	1.086429e0	-	0	0	2.676829e-1	1.071864e-1	1.275532e-1	1.564660e-1	4.013447e-1	-	-	-	-	-
251	masked	1.0000	1.856007e-2	5.918026e-2	2.979580e-2	0.5319	8.535717e-1	3.490715e-1	-	0	0	7.920856e-3	2.181977e-2	2.203833e-2	2.800851e-2	1.930029e-2	-	-	-	-	-
252	masked	1.0000	5.000580e-1	1.158348e0	8.006468e-1	0.6590	6.842856e0	1.319391e0	-	0	0	6.677399e-1	3.409441e-1	9.053411e-1	9.511776e-1	5.612237e-1	-0.001672	0.150706	-0.227329	-0.260795	-0.014960
253	masked	1.0000	2.546748e-1	8.561480e-1	4.230230e-1	0.6563	3.126198e0	5.818046e-1	-	0	0	2.721188e-1	2.157671e-1	3.323332e-1	4.839872e-1	2.783664e-1	-0.001816	0.089317	-0.093077	-0.105587	-0.008723
254	masked	1.0000	3.190427e-1	7.495575e-1	4.661152e-1	0.6952	3.614120e0	8.323641e-1	-	0	0	4.539626e-1	2.177593e-1	4.394286e-1	5.189809e-1	3.793897e-1	-0.002146	0.104603	-0.115830	-0.116505	-0.009128
255	masked	1.0000	2.356097e-1	1.108885e0	4.319530e-1	0.6889	6.763732e0	2.970059e0	-	0	0	1.081604e-1	2.719105e-1	3.373830e-1	5.411220e-1	1.881304e-1	-0.000443	-0.047379	-0.094331	-0.114856	-0.006182
256	masked	1.0000	1.480784e-1	5.738168e-1	3.615825e-1	0.5964	4.122029e0	2.141967e0	-	0	0	6.269007e-2	1.808492e-1	2.179754e-1	2.404685e-1	1.164113e-1	-	-	-	-	-
257	masked	1.0000	4.061811e-2	1.482286e-1	7.415618e-2	0.7011	3.870549e0	1.635739e0	-	0	0	3.826458e-2	3.861427e-2	4.786704e-2	5.129150e-2	4.573242e-2	-	-	-	-	-
258	masked	1.0000	9.652235e-2	2.961850e-1	1.343161e-1	0.7583	1.795910e0	4.434667e-1	-	0	0	1.132754e-1	8.364173e-2	1.300605e-1	1.353069e-1	9.628116e-2	-	-	-	-	-
259	masked	1.0000	5.315518e-2	1.656084e-1	1.023284e-1	0.6415	1.276854e0	6.238073e-1	-	0	0	2.767813e-2	6.415376e-2	5.254005e-2	9.563980e-2	4.196192e-2	-	-	-	-	-
260	masked	1.0000	5.259273e-2	1.616821e-1	9.093717e-2	0.6582	1.398966e0	5.023996e-1	-	0	0	4.593454e-2	5.191939e-2	6.010987e-2	7.264163e-2	5.688751e-2	-	-	-	-	-
261	masked	1.0000	1.034852e-1	3.208611e-1	1.478143e-1	0.6562	1.995466e0	1.010154e0	-	0	0	1.264081e-1	8.633348e-2	1.085351e-1	1.178808e-1	1.228080e-1	-	-	-	-	-
262	masked	1.0000	1.876175e-1	8.247967e-1	3.899169e-1	0.5653	2.928291e0	1.495897e0	-	0	0	1.555664e-1	1.363495e-1	1.570429e-1	1.873029e-1	4.088459e-1	-	-	-	-	-
263	masked	1.0000	1.700664e-2	5.420518e-2	2.441730e-2	0.5130	6.265683e-1	1.257638e-1	-	0	0	9.200902e-3	1.808989e-2	2.467137e-2	2.893135e-2	1.914563e-2	-	-	-	-	-
264	masked	1.0000	3.592215e-2	8.580342e-2	5.854100e-2	0.6568	8.597797e-1	2.523169e-1	-	0	0	4.762320e-2	2.815249e-2	4.065575e-2	4.169967e-2	4.234715e-2	-	-	-	-	-
265	masked	1.0000	2.555470e-2	9.816647e-2	4.094627e-2	0.6222	6.025228e-1	2.889374e-1	-	0	0	2.145474e-2	2.484144e-2	2.920353e-2	3.111734e-2	3.116349e-2	-	-	-	-	-
266	masked	1.0000	2.902970e-2	9.434205e-2	5.119664e-2	0.6010	7.474141e-1	2.312328e-1	-	0	0	2.427924e-2	2.981466e-2	3.934221e-2	3.575393e-2	2.847042e-2	-	-	-	-	-
267	masked	1.0000	7.974207e-2	2.096999e-1	1.070789e-1	0.7352	1.412838e0	7.245972e-1	-	0	0	1.050768e-1	6.408584e-2	9.477559e-2	8.485011e-2	9.035539e-2	-	-	-	-	-
268	masked	1.0000	1.266475e-1	5.341206e-1	2.310540e-1	0.5049	2.315223e0	1.384179e0	-	0	0	8.975365e-2	1.060196e-1	1.449906e-1	1.825483e-1	2.262829e-1	-	-	-	-	-
269	masked	1.0000	2.531044e-2	8.639634e-2	6.381462e-2	0.6506	9.471715e-1	4.301633e-1	-	0	0	7.918845e-3	2.974361e-2	2.898075e-2	3.621243e-2	3.116597e-2	-	-	-	-	-
270	masked	1.0000	2.398549e-1	5.572267e-1	2.744284e-1	0.7859	5.668611e0	1.837295e0	-	0	0	4.461217e-1	1.216819e-1	2.835426e-1	2.190500e-1	3.335996e-1	-0.000220	0.039466	-0.044973	-0.013617	-0.004643
271	masked	1.0000	1.113451e-1	2.481439e-1	1.326331e-1	0.7604	2.529030e0	6.764110e-1	-	0	0	1.695277e-1	7.197812e-2	1.320732e-1	1.181743e-1	1.520057e-1	-	-	-	-	-
272	masked	1.0000	2.156573e-1	4.834205e-1	2.519061e-1	0.8001	4.833731e0	1.421948e0	-	0	0	3.505214e-1	1.242752e-1	2.997652e-1	3.241073e-1	2.768702e-1	-0.001372	-0.012255	-0.000050	0.036907	-0.003292
273	masked	1.0000	2.070535e-1	6.099041e-1	3.017996e-1	0.6302	5.025053e0	2.329106e0	-	0	0	2.856317e-1	1.651939e-1	2.156673e-1	2.634498e-1	2.184419e-1	0.000177	0.005598	-0.055788	-0.059598	-0.003764
274	masked	1.0000	2.521021e-1	6.873963e-1	3.961694e-1	0.6342	3.738420e0	2.889858e0	-	0	0	3.440472e-1	2.028528e-1	3.743168e-1	3.131948e-1	2.361072e-1	-0.000658	-0.024417	-0.064630	-0.062846	-0.003872
275	masked	1.0000	3.726531e-2	1.110419e-1	7.807325e-2	0.6499	3.806856e0	2.015914e0	-	0	0	3.347011e-2	3.773880e-2	4.012679e-2	3.062725e-2	4.185838e-2	-	-	-	-	-
276	masked	1.0000	3.400709e-2	9.935343e-2	4.934142e-2	0.5437	9.387831e-1	3.238779e-1	-	0	0	2.964248e-2	3.309226e-2	4.885483e-2	6.096333e-2	3.210953e-2	-	-	-	-	-
277	masked	1.0000	4.195032e-2	1.223090e-1	5.894760e-2	0.7047	7.736232e-1	1.642370e-1	-	0	0	4.571609e-2	3.913011e-2	4.918303e-2	6.088104e-2	3.916021e-2	-	-	-	-	-
278	masked	1.0000	2.158369e-2	6.519699e-2	3.252985e-2	0.6630	7.749263e-1	1.668256e-1	-	0	0	1.105294e-2	2.444991e-2	3.020626e-2	3.452766e-2	2.113921e-2	-	-	-	-	-
279	masked	1.0000	5.249239e-2	1.859370e-1	9.048789e-2	0.5037	1.258027e0	6.887159e-1	-	0	0	3.392581e-2	5.415611e-2	4.668012e-2	7.622486e-2	6.848088e-2	-	-	-	-	-
280	masked	1.0000	2.085758e-1	7.959105e-1	4.034057e-1	0.5269	3.120529e0	1.872791e0	-	0	0	1.519824e-1	1.788901e-1	1.815963e-1	2.098383e-1	3.917574e-1	0.000502	0.081253	-0.039044	-0.046255	-0.015568
281	masked	1.0000	1.966896e-2	6.557608e-2	2.680972e-2	0.6882	5.898336e-1	1.385520e-1	-	0	0	1.370512e-2	1.956965e-2	2.774892e-2	3.041139e-2	2.330662e-2	-	-	-	-	-
282	masked	1.0000	4.118010e-2	1.023226e-1	6.064890e-2	0.5442	1.098089e0	3.467810e-1	-	0	0	3.625107e-2	3.931073e-2	4.088880e-2	4.359804e-2	5.362796e-2	-	-	-	-	-
283	masked	1.0000	2.911471e-2	1.095300e-1	5.356416e-2	0.5073	9.111804e-1	3.142978e-1	-	0	0	2.108178e-2	2.727339e-2	4.545825e-2	4.117149e-2	3.868901e-2	-	-	-	-	-
284	masked	1.0000	3.127111e-2	1.114488e-1	4.850750e-2	0.5185	9.439564e-1	2.864648e-1	-	0	0	2.579961e-2	2.945231e-2	3.463167e-2	3.401910e-2	4.319994e-2	-	-	-	-	-
285	masked	1.0000	4.017998e-2	1.576247e-1	7.790602e-2	0.6747	1.324943e0	4.303040e-1	-	0	0	1.152570e-2	5.002891e-2	5.859890e-2	6.096215e-2	3.730647e-2	-	-	-	-	-
286	masked	1.0000	1.018624e-1	3.112690e-1	1.568522e-1	0.5785	2.067263e0	9.569520e-1	-	0	0	1.054904e-1	8.039755e-2	1.534666e-1	1.173675e-1	1.488006e-1	-	-	-	-	-
287	masked	1.0000	3.034545e-2	9.748006e-2	8.577946e-2	0.6783	1.021346e0	4.725775e-1	-	0	0	1.295194e-2	3.420841e-2	3.446857e-2	4.350960e-2	3.737522e-2	-	-	-	-	-
288	masked	1.0000	7.862079e-2	2.155974e-1	1.464184e-1	0.6570	4.208545e0	9.770960e-1	-	0	0	6.461041e-2	7.615071e-2	1.245970e-1	1.261381e-1	8.131122e-2	-	-	-	-	-
289	masked	1.0000	1.121965e-1	2.714288e-1	2.048680e-1	0.7302	3.952185e0	8.864400e-1	-	0	0	1.163982e-1	8.954918e-2	2.646073e-1	2.009299e-1	1.154856e-1	-	-	-	-	-
290	masked	1.0000	1.327320e-1	3.025150e-1	1.658762e-1	0.7339	3.707386e0	8.955276e-1	-	0	0	2.032221e-1	8.523476e-2	1.420544e-1	1.390049e-1	1.862787e-1	-	-	-	-	-
291	masked	1.0000	2.112469e-1	6.203744e-1	2.650795e-1	0.6942	6.389484e0	2.484303e0	-	0	0	3.967398e-1	1.068935e-1	2.046918e-1	2.000368e-1	3.002249e-1	0.000732	0.022381	-0.009564	0.015826	-0.001839
292	masked	1.0000	2.622675e-1	7.363057e-1	3.338087e-1	0.7348	4.718220e0	3.062888e0	-	0	0	4.410308e-1	1.616523e-1	3.065263e-1	2.639966e-1	3.308341e-1	0.001725	-0.050649	-0.005735	0.017686	-0.001817
293	masked	1.0000	4.215456e-2	1.074510e-1	8.273579e-2	0.6402	4.150931e0	1.719545e0	-	0	0	4.616589e-2	3.751626e-2	4.773785e-2	3.539235e-2	5.192430e-2	-	-	-	-	-
294	masked	1.0000	1.184555e-1	2.708006e-1	1.451328e-1	0.8152	1.442573e0	6.553814e-1	-	0	0	1.266773e-1	9.886965e-2	1.675635e-1	1.693126e-1	1.446369e-1	-	-	-	-	-
295	masked	1.0000	6.231673e-2	1.913157e-1	7.567043e-2	0.7625	1.056164e0	3.820041e-1	-	0	0	8.696007e-2	4.384648e-2	5.676230e-2	4.273259e-2	9.511316e-2	-	-	-	-	-
296	masked	1.0000	1.027539e-1	2.588413e-1	1.195772e-1	0.8096	1.266448e0	5.571372e-1	-	0	0	1.227655e-1	8.073246e-2	1.285382e-1	1.215889e-1	1.351514e-1	-	-	-	-	-
297	masked	1.0000	1.171208e-1	3.598218e-1	1.481990e-1	0.8013	1.867831e0	6.047433e-1	-	0	0	1.054018e-1	1.090232e-1	1.497709e-1	1.749992e-1	1.361960e-1	-	-	-	-	-
298	masked	1.0000	1.832843e-1	6.050692e-1	3.087315e-1	0.5793	3.269007e0	1.247943e0	-	0	0	1.200947e-1	1.631251e-1	3.486892e-1	3.943786e-1	2.375539e-1	-	-	-	-	-
299	masked	1.0000	2.144109e-2	7.558107e-2	3.192222e-2	0.6994	6.135661e-1	1.713643e-1	-	0	0	1.404701e-2	2.099906e-2	2.889976e-2	3.186135e-2	2.844474e-2	-	-	-	-	-
300	iw	1.0000	1.027009e-1	4.460191e-1	1.828631e-1	0.5332	3.435763e0	8.056977e-1	-	0	0	2.987319e-2	1.301545e-1	1.565043e-1	2.047071e-1	7.309638e-2	-	-	-	-	-
301	iw	1.0000	1.048560e-1	3.700261e-1	1.654921e-1	0.6230	2.249913e0	5.303763e-1	-	0	0	8.501980e-2	1.113696e-1	1.141465e-1	1.810098e-1	8.925810e-2	-	-	-	-	-
302	iw	1.0000	1.408668e-1	4.140601e-1	1.990856e-1	0.6110	2.262199e0	7.355910e-1	-	0	0	1.401775e-1	1.309445e-1	1.766838e-1	1.885329e-1	1.522853e-1	-	-	-	-	-
303	iw	1.0000	9.876092e-2	2.677391e-1	1.421247e-1	0.6602	3.208977e0	9.181353e-1	-	0	0	1.311716e-1	7.985506e-2	8.757062e-2	1.230805e-1	1.127011e-1	-	-	-	-	-
304	iw	1.0000	1.384678e-1	4.878725e-1	2.654974e-1	0.5221	2.660185e0	8.499640e-1	-	0	0	8.837674e-2	1.175507e-1	1.450317e-1	2.056850e-1	2.578364e-1	-	-	-	-	-
305	iw	1.0000	5.602851e-2	1.139203e-1	1.478825e-1	0.7549	1.890296e0	9.025956e-1	-	0	0	6.648360e-2	3.902495e-2	3.759981e-2	6.041203e-2	1.012964e-1	-	-	-	-	-
306	iw	1.0000	2.668480e-1	9.836689e-1	4.726321e-1	0.5457	5.204765e0	1.430857e0	-	0	0	2.039465e-1	2.597072e-1	3.331246e-1	5.059708e-1	2.987683e-1	0.000699	-0.112830	0.062118	0.084475	0.002571
307	iw	1.0000	3.436741e-1	1.819472e0	6.095055e-1	0.6520	5.184968e0	2.458681e0	-	0	0	1.735214e-1	3.775689e-1	5.328067e-1	8.032941e-1	3.000604e-1	-0.004230	-0.088480	0.054831	0.080659	-0.000811
308	iw	1.0000	2.699230e-1	1.437592e0	5.081570e-1	0.6303	3.974242e0	1.898069e0	-	0	0	1.222962e-1	3.058058e-1	4.350447e-1	6.746001e-1	2.090821e-1	-0.001590	-0.080671	0.053792	0.079389	0.001292
309	iw	1.0000	4.127012e-1	1.749269e0	7.133495e-1	0.5357	8.377384e0	2.327224e0	-	0	0	2.820960e-1	4.584152e-1	5.365530e-1	6.167386e-1	3.581536e-1	-0.004583	-0.274803	0.072078	0.082826	0.004338
310	iw	1.0000	4.853663e-1	2.218377e0	8.855436e-1	0.5790	5.217123e0	1.692101e0	-	0	0	3.320900e-1	5.169959e-1	6.416192e-1	8.642990e-1	4.552942e-1	0.002276	0.127906	-0.158554	-0.169295	-0.022870
311	iw	1.0000	1.019771e-1	2.692242e-1	1.775319e-1	0.7054	6.479054e0	2.234000e0	-	0	0	1.348888e-1	7.613873e-2	1.045570e-1	1.508035e-1	1.279035e-1	-	-	-	-	-
312	iw	1.0000	6.653227e-2	2.173302e-1	1.254112e-1	0.6545	3.140995e0	1.152704e0	-	0	0	5.736919e-2	5.801453e-2	6.114323e-2	8.074160e-2	1.051104e-1	-	-	-	-	-
313	iw	1.0000	1.451655e-1	4.323063e-1	2.099560e-1	0.6000	2.959382e0	6.455792e-1	-	0	0	1.264792e-1	1.440536e-1	1.704942e-1	2.170897e-1	1.495347e-1	-	-	-	-	-
314	iw	1.0000	1.291760e-1	3.474263e-1	1.652716e-1	0.6145	2.471806e0	8.103149e-1	-	0	0	1.658289e-1	1.040646e-1	1.434265e-1	1.542121e-1	1.502491e-1	-	-	-	-	-
315	iw	1.0000	1.242125e-1	3.645256e-1	1.845706e-1	0.6112	3.447040e0	1.959533e0	-	0	0	1.720597e-1	1.004565e-1	9.140418e-2	1.449516e-1	1.395656e-1	-	-	-	-	-
316	iw	1.0000	2.156024e-1	9.200315e-1	5.301941e-1	0.5191	3.154653e0	1.303065e0	-	0	0	1.483977e-1	1.541937e-1	1.709055e-1	2.376607e-1	5.172308e-1	-0.007922	-0.054296	-0.032123	-0.045164	-0.024635
317	iw	1.0000	5.349333e-2	1.505914e-1	8.222497e-2	0.7914	1.533579e0	6.809262e-1	-	0	0	6.124324e-2	3.387815e-2	4.610609e-2	7.479151e-2	1.037190e-1	-	-	-	-	-
318	iw	1.0000	5.983997e-2	1.785150e-1	9.408632e-2	0.6138	1.727183e0	5.487092e-1	-	0	0	4.976308e-2	6.066440e-2	6.200259e-2	8.578024e-2	6.399092e-2	-	-	-	-	-
319	iw	1.0000	5.041357e-2	1.877024e-1	9.849970e-2	0.5445	1.536243e0	5.882373e-1	-	0	0	1.706466e-2	5.915784e-2	6.611144e-2	9.894668e-2	5.144826e-2	-	-	-	-	-
320	iw	1.0000	5.058445e-2	1.533586e-1	9.268900e-2	0.6083	1.441343e0	6.396390e-1	-	0	0	2.871918e-2	5.501545e-2	5.556715e-2	7.394501e-2	5.915323e-2	-	-	-	-	-
321	iw	1.0000	9.418053e-2	2.479835e-1	1.289786e-1	0.7033	1.907106e0	6.684890e-1	-	0	0	1.024767e-1	8.807560e-2	7.124718e-2	1.058801e-1	1.061428e-1	-	-	-	-	-
322	iw	1.0000	9.027414e-2	3.993411e-1	1.856185e-1	0.5207	1.768780e0	1.002824e0	-	0	0	5.678355e-2	8.603788e-2	1.123386e-1	1.347359e-1	1.332946e-1	-	-	-	-	-
323	iw	1.0000	1.822231e-2	6.089425e-2	3.230385e-2	0.5999	9.482359e-1	2.751525e-1	-	0	0	9.116629e-3	2.157667e-2	2.401849e-2	2.964537e-2	1.537367e-2	-	-	-	-	-
324	iw	1.0000	2.531082e-1	7.723169e-1	4.512111e-1	0.6248	3.745681e0	9.050367e-1	-	0	0	2.694005e-1	2.077944e-1	4.903483e-1	5.899580e-1	2.275399e-1	-0.000673	0.104839	-0.106360	-0.142028	-0.005699
325	iw	1.0000	2.366233e-1	7.228869e-1	3.925435e-1	0.7002	3.893340e0	1.056004e0	-	0	0	2.665382e-1	2.045262e-1	3.382859e-1	4.007698e-1	2.303684e-1	-0.002056	-0.109052	0.041778	0.049596	0.003702
326	iw	1.0000	1.001856e-1	3.746500e-1	2.058589e-1	0.6400	2.406341e0	7.651050e-1	-	0	0	4.799448e-2	1.187306e-1	1.565973e-1	1.729598e-1	7.774845e-2	-	-	-	-	-
327	iw	1.0000	1.529255e-1	7.795222e-1	2.817189e-1	0.6121	5.251490e0	1.805869e0	-	0	0	5.053375e-2	1.651279e-1	2.379107e-1	3.316153e-1	1.863079e-1	-	-	-	-	-
328	iw	1.0000	3.259730e-1	1.860216e0	6.931917e-1	0.5440	5.143803e0	2.449097e0	-	0	0	9.511301e-2	4.033958e-1	5.821689e-1	7.548835e-1	2.129778e-1	0.000720	0.115615	-0.136721	-0.165042	-0.013966
329	iw	1.0000	3.732593e-2	1.150298e-1	8.811531e-2	0.6166	4.009309e0	8.099845e-1	-	0	0	2.267524e-2	4.384946e-2	4.639078e-2	4.897376e-2	3.082098e-2	-	-	-	-	-
330	iw	1.0000	7.364393e-2	2.629002e-1	1.229325e-1	0.6769	2.027768e0	6.533798e-1	-	0	0	5.353326e-2	7.405360e-2	1.010348e-1	9.890309e-2	8.619483e-2	-	-	-	-	-
331	iw	1.0000	6.630620e-2	1.911431e-1	1.259142e-1	0.5918	1.719441e0	9.394474e-1	-	0	0	4.855920e-2	7.087078e-2	5.475108e-2	1.057245e-1	6.930186e-2	-	-	-	-	-
332	iw	1.0000	7.858509e-2	1.929498e-1	1.172447e-1	0.6361	1.857587e0	8.039207e-1	-	0	0	1.025348e-1	6.124557e-2	6.807172e-2	9.684304e-2	1.004860e-1	-	-	-	-	-
333	iw	1.0000	7.286751e-2	1.940978e-1	9.928504e-2	0.7104	1.744137e0	3.687784e-1	-	0	0	7.671997e-2	6.934028e-2	5.838222e-2	7.805612e-2	8.182856e-2	-	-	-	-	-
334	iw	1.0000	1.262175e-1	4.485010e-1	2.487706e-1	0.5624	2.024158e0	9.669644e-1	-	0	0	8.516031e-2	1.146954e-1	1.410535e-1	1.592343e-1	2.085457e-1	-	-	-	-	-
335	iw	1.0000	2.133660e-2	6.898083e-2	3.100807e-2	0.5229	7.345739e-1	1.915903e-1	-	0	0	1.512272e-2	2.038304e-2	2.569452e-2	2.961803e-2	2.978584e-2	-	-	-	-	-
336	iw	1.0000	3.120294e-2	8.897638e-2	5.042154e-2	0.6352	8.290905e-1	2.784177e-1	-	0	0	4.126902e-2	2.455804e-2	3.704844e-2	3.582608e-2	3.619238e-2	-	-	-	-	-
337	iw	1.0000	2.199681e-2	8.374977e-2	4.855296e-2	0.6387	6.937812e-1	4.727506e-1	-	0	0	1.232342e-2	2.544576e-2	1.405018e-2	2.089930e-2	2.663724e-2	-	-	-	-	-
338	iw	1.0000	2.709254e-2	1.200805e-1	5.669501e-2	0.5049	8.542496e-1	3.688350e-1	-	0	0	1.210082e-2	3.377542e-2	3.519581e-2	3.499863e-2	2.175232e-2	-	-	-	-	-
339	iw	1.0000	5.701279e-2	2.429867e-1	1.204779e-1	0.6220	1.608551e0	5.796532e-1	-	0	0	2.535389e-2	7.135341e-2	9.348032e-2	8.970512e-2	3.552783e-2	-	-	-	-	-
340	iw	1.0000	1.008045e-1	3.119159e-1	1.591402e-1	0.5619	2.128279e0	6.977193e-1	-	0	0	1.206848e-1	8.282217e-2	1.186841e-1	9.974410e-2	1.273786e-1	-	-	-	-	-
341	iw	1.0000	3.277571e-2	9.696722e-2	1.010182e-1	0.7824	1.141964e0	3.590835e-1	-	0	0	1.526377e-2	3.895812e-2	3.800065e-2	4.431815e-2	3.246754e-2	-	-	-	-	-
342	iw	1.0000	9.580832e-2	2.417080e-1	1.364758e-1	0.7132	3.585557e0	1.054815e0	-	0	0	1.290824e-1	7.327658e-2	1.182260e-1	1.668214e-1	9.923618e-2	-	-	-	-	-
343	iw	1.0000	1.600703e-1	4.003332e-1	2.877346e-1	0.6875	3.498521e0	7.810763e-1	-	0	0	1.756378e-1	1.413603e-1	2.221611e-1	2.547101e-1	1.584927e-1	-	-	-	-	-
344	iw	1.0000	1.361987e-1	5.861528e-1	3.486401e-1	0.6260	4.465167e0	1.034878e0	-	0	0	5.142508e-2	1.580760e-1	3.089267e-1	3.533752e-1	7.908559e-2	-	-	-	-	-
345	iw	1.0000	1.762971e-1	5.923395e-1	3.212839e-1	0.7122	6.642905e0	1.105951e0	-	0	0	1.193412e-1	1.923596e-1	2.429077e-1	2.821077e-1	1.574269e-1	-	-	-	-	-
346	iw	1.0000	1.274290e-1	3.508785e-1	2.133286e-1	0.6892	2.853300e0	1.007075e0	-	0	0	1.405487e-1	1.153043e-1	1.876238e-1	2.086701e-1	1.115781e-1	-	-	-	-	-
347	iw	1.0000	3.152464e-2	1.038945e-1	6.252105e-2	0.6458	3.904055e0	1.278532e0	-	0	0	2.292405e-2	3.344574e-2	4.045393e-2	4.059270e-2	3.238762e-2	-	-	-	-	-
348	iw	1.0000	2.778555e-2	8.958757e-2	4.462892e-2	0.5026	1.005211e0	2.122834e-1	-	0	0	1.566090e-2	2.905421e-2	4.540363e-2	5.744284e-2	2.805537e-2	-	-	-	-	-
349	iw	1.0000	6.180198e-2	1.573727e-1	8.479820e-2	0.7342	9.425761e-1	3.772772e-1	-	0	0	6.453495e-2	5.560408e-2	7.209437e-2	8.729657e-2	6.900505e-2	-	-	-	-	-
350	iw	1.0000	2.645062e-2	8.417320e-2	4.009974e-2	0.6633	8.904171e-1	1.996320e-1	-	0	0	1.873411e-2	2.904950e-2	3.081559e-2	3.893896e-2	2.428074e-2	-	-	-	-	-
351	iw	1.0000	9.015435e-2	2.625489e-1	1.408421e-1	0.7260	1.244207e0	7.209040e-1	-	0	0	7.054478e-2	9.606674e-2	8.855755e-2	1.217469e-1	9.050189e-2	-	-	-	-	-
352	iw	1.0000	7.875922e-2	2.663215e-1	1.572945e-1	0.6633	1.777517e0	8.851419e-1	-	0	0	5.416506e-2	8.847310e-2	5.714047e-2	7.248030e-2	8.873598e-2	-	-	-	-	-
353	iw	1.0000	2.199840e-2	7.459098e-2	2.963917e-2	0.7275	6.707365e-1	1.434442e-1	-	0	0	1.447610e-2	2.363273e-2	3.020918e-2	3.287725e-2	2.204793e-2	-	-	-	-	-
354	iw	1.0000	3.784551e-2	8.084500e-2	5.007042e-2	0.5354	1.132285e0	2.736066e-1	-	0	0	4.344846e-2	3.175800e-2	3.905011e-2	4.188784e-2	4.865678e-2	-	-	-	-	-
355	iw	1.0000	3.201565e-2	1.204429e-1	5.321190e-2	0.5708	1.009879e0	4.442989e-1	-	0	0	2.385379e-2	3.277009e-2	3.926612e-2	3.382100e-2	3.839528e-2	-	-	-	-	-
356	iw	1.0000	3.409988e-2	8.667302e-2	5.026089e-2	0.5666	1.083366e0	2.991884e-1	-	0	0	3.387534e-2	3.260023e-2	3.605046e-2	3.191558e-2	3.933135e-2	-	-	-	-	-
357	iw	1.0000	7.655906e-2	2.349624e-1	1.002614e-1	0.7909	1.710248e0	4.051832e-1	-	0	0	8.005352e-2	7.168884e-2	8.538391e-2	8.912920e-2	8.202305e-2	-	-	-	-	-
358	iw	1.0000	6.468668e-2	2.358651e-1	1.082550e-1	0.6126	1.967494e0	1.039281e0	-	0	0	5.345278e-2	5.901589e-2	8.494252e-2	1.168057e-1	8.006066e-2	-	-	-	-	-
359	iw	1.0000	4.696441e-2	1.295810e-1	1.517193e-1	0.8101	1.370643e0	4.343457e-1	-	0	0	2.568024e-2	5.531428e-2	5.050973e-2	6.101737e-2	4.463089e-2	-	-	-	-	-
360	iw	1.0000	1.120139e-1	2.830355e-1	1.975241e-1	0.6933	4.244578e0	8.305250e-1	-	0	0	1.410541e-1	9.431244e-2	1.934068e-1	1.557232e-1	9.584415e-2	-	-	-	-	-
361	iw	1.0000	4.943429e-2	1.886113e-1	1.038610e-1	0.6844	2.003569e0	1.019395e0	-	0	0	3.749479e-2	5.180208e-2	6.859270e-2	7.185621e-2	4.723701e-2	-	-	-	-	-
362	iw	1.0000	7.142139e-2	1.995673e-1	1.869518e-1	0.7051	2.425178e0	1.036103e0	-	0	0	5.626850e-2	6.400164e-2	2.036190e-1	1.268323e-1	6.576033e-2	-	-	-	-	-
363	iw	1.0000	1.043626e-1	4.352157e-1	2.058725e-1	0.5162	5.540577e0	1.694576e0	-	0	0	3.861335e-2	1.358288e-1	1.481435e-1	1.492215e-1	6.899216e-2	-	-	-	-	-
364	iw	1.0000	2.066693e-1	7.381866e-1	3.846386e-1	0.6577	3.448647e0	6.952138e-1	-	0	0	1.703074e-1	2.061893e-1	3.510950e-1	3.610147e-1	1.793519e-1	-0.000476	-0.123041	0.049893	0.075977	0.003443
365	iw	1.0000	3.370629e-2	8.213592e-2	6.410533e-2	0.6305	4.057859e0	1.250521e0	-	0	0	3.367121e-2	3.110867e-2	3.632521e-2	3.761574e-2	4.054929e-2	-	-	-	-	-
366	iw	1.0000	1.016832e-1	2.351335e-1	1.217980e-1	0.8422	1.354937e0	5.440568e-1	-	0	0	1.167812e-1	8.105239e-2	1.422513e-1	1.451339e-1	1.259971e-1	-	-	-	-	-
367	iw	1.0000	5.189288e-2	1.374030e-1	6.246291e-2	0.7572	1.169131e0	2.998254e-1	-	0	0	8.014975e-2	3.152559e-2	4.514505e-2	4.099994e-2	8.402937e-2	-	-	-	-	-
368	iw	1.0000	8.410505e-2	2.097915e-1	9.318092e-2	0.8532	1.223201e0	4.279556e-1	-	0	0	1.075815e-1	6.293293e-2	1.005153e-1	9.547588e-2	1.134147e-1	-	-	-	-	-
369	iw	1.0000	1.511762e-1	4.196167e-1	1.856654e-1	0.7992	2.109493e0	6.251110e-1	-	0	0	1.653320e-1	1.320955e-1	1.845905e-1	2.099713e-1	1.698547e-1	-	-	-	-	-
370	iw	1.0000	8.187086e-2	3.630140e-1	1.642831e-1	0.5799	2.386322e0	1.188726e0	-	0	0	2.674048e-2	9.899917e-2	1.091087e-1	1.268239e-1	8.335645e-2	-	-	-	-	-
371	iw	1.0000	2.424264e-2	7.947326e-2	3.580875e-2	0.6963	7.276353e-1	1.867432e-1	-	0	0	1.333161e-2	2.590719e-2	3.183154e-2	3.504595e-2	2.909496e-2	-	-	-	-	-
