feat_idx	best_transform	params_csv	baseline_pearson	transformed_pearson	lift	baseline_spearman	n_samples
275	winsor_p99	1.1305e-06,8.31749e-05	0.155120	0.901470	0.746351	0.960787	340206
293	winsor_p99	3.1669e-07,3.3846e-05	0.133566	0.872360	0.738794	0.920353	340206
100	winsor_p99	1.46128e-06,0.000106967	0.156311	0.884069	0.727758	0.946829	340206
139	winsor_p99	4.06965e-07,4.32286e-05	0.134615	0.860665	0.726050	0.909780	340206
25	log		0.066022	0.716473	0.650451	0.146732	340206
257	winsor_p99	3.74906e-06,0.000282722	0.208320	0.851379	0.643059	0.930692	340206
61	signed_cbrt		0.214156	0.830932	0.616776	0.914040	340206
299	winsor_p99	2.1653e-16,3.83824e-05	0.171889	0.728662	0.556774	0.661274	340206
64	log		0.057759	0.607065	0.549306	0.214245	340206
152	winsor_p99	2.44617e-16,4.53981e-05	0.180447	0.726824	0.546377	0.659489	340206
90	log		0.014727	0.516606	0.501879	0.083555	340206
287	winsor_p99	4.93937e-16,4.43843e-05	0.200408	0.699150	0.498742	0.662363	340206
126	winsor_p99	5.45232e-16,5.2143e-05	0.200100	0.697618	0.497518	0.661096	340206
239	signed_cbrt		0.272108	0.767561	0.495452	0.840222	340206
51	log		0.012786	0.507570	0.494784	0.030166	340206
281	winsor_p99	2.23312e-16,5.41228e-05	0.191132	0.667795	0.476662	0.623449	340206
113	winsor_p99	2.55688e-16,6.55178e-05	0.199554	0.665018	0.465463	0.620775	340206
22	signed_cbrt		0.290936	0.749041	0.458105	0.820754	340206
155	log		0.051909	0.505235	0.453326	0.226246	340206
129	log		0.012888	0.462861	0.449974	0.212791	340206
12	log		0.014103	0.461445	0.447342	0.006903	340206
116	log		0.059537	0.502742	0.443205	0.099785	340206
38	log		0.061629	0.503141	0.441512	0.019205	340206
269	winsor_p99	1.18296e-15,6.34893e-05	0.223913	0.660091	0.436178	0.630759	340206
87	winsor_p99	1.33566e-15,7.64692e-05	0.224555	0.655759	0.431204	0.627663	340206
77	log		0.061949	0.488526	0.426577	0.045043	340206
132	signed_cbrt		0.489160	0.901414	0.412254	0.904194	340206
130	signed_cbrt		0.502214	0.909217	0.407003	0.911325	340206
263	winsor_p99	2.61917e-16,7.01192e-05	0.206432	0.609525	0.403092	0.585884	340206
142	log		0.065592	0.467070	0.401478	0.062302	340206
103	log		0.056870	0.457299	0.400429	0.096658	340206
131	signed_cbrt		0.496791	0.895318	0.398527	0.901882	340206
291	winsor_p99	0.000259534,0.00623971	0.530608	0.926033	0.395425	0.947634	340206
74	winsor_p99	3.01356e-16,8.6061e-05	0.214522	0.605362	0.390840	0.582105	340206
220	winsor_p99	0.000522814,0.0123266	0.502811	0.890851	0.388040	0.925545	340206
290	signed_cbrt		0.514240	0.901844	0.387603	0.903064	340206
141	log		0.234862	0.615151	0.380289	0.126496	340206
134	winsor_p99	0.000331953,0.00794472	0.532854	0.912320	0.379466	0.936568	340206
289	signed_cbrt		0.518697	0.897414	0.378716	0.902462	340206
288	signed_cbrt		0.528565	0.906548	0.377983	0.907707	340206
219	signed_cbrt		0.514630	0.892526	0.377896	0.902029	340206
245	winsor_p99	3.75212e-16,8.24964e-05	0.212744	0.572757	0.360013	0.559106	340206
251	winsor_p99	3.94481e-15,8.48344e-05	0.242855	0.602619	0.359765	0.591365	340206
48	winsor_p99	4.53039e-15,0.000103628	0.243591	0.596207	0.352616	0.587037	340206
216	signed_cbrt		0.548074	0.893471	0.345397	0.901167	340206
35	winsor_p99	4.23601e-16,0.000101019	0.222196	0.567425	0.345229	0.554742	340206
217	signed_cbrt		0.516226	0.859741	0.343514	0.908607	340206
135	winsor_p99	0.000199307,0.00491572	0.588233	0.916983	0.328750	0.940409	340206
233	winsor_p99	1.40223e-14,0.000106193	0.249811	0.560401	0.310590	0.558467	340206
9	winsor_p99	4.04794e-07,4.9929e-05	0.251660	0.554948	0.303288	0.554232	340206
133	winsor_p99	3.24358e-05,0.00573569	0.639852	0.916973	0.277120	0.933681	340206
218	signed_cbrt		0.600997	0.858068	0.257071	0.898916	340206
221	signed_cbrt		0.624190	0.880740	0.256549	0.918736	340206
92	signed_cbrt		0.708610	0.955393	0.246783	0.956661	340206
201	signed_cbrt		0.707356	0.953625	0.246270	0.960639	340206
102	log		0.401586	0.638043	0.236457	0.384066	340206
128	log		0.269917	0.498660	0.228742	0.108646	340206
93	signed_cbrt		0.731054	0.955628	0.224575	0.950531	340206
271	signed_cbrt		0.733269	0.955873	0.222604	0.956345	340206
198	signed_cbrt		0.731121	0.951254	0.220132	0.961480	340206
273	winsor_p99	0.000162994,0.0183692	0.720625	0.940345	0.219720	0.966834	340206
140	log		0.326992	0.544375	0.217383	0.203652	340206
154	log		0.182846	0.396902	0.214056	0.046586	340206
153	log		0.172886	0.380535	0.207649	0.049838	340206
127	log		0.243643	0.447965	0.204321	0.098423	340206
137	signed_cbrt		0.696108	0.898244	0.202136	0.930916	340206
272	signed_cbrt		0.755012	0.954399	0.199387	0.948998	340206
91	signed_cbrt		0.758324	0.952916	0.194592	0.946170	340206
95	winsor_p99	0.000610845,0.0131861	0.724717	0.910271	0.185554	0.945415	340206
202	winsor_p99	0.000964698,0.0228635	0.719930	0.896591	0.176661	0.934382	340206
270	signed_cbrt		0.773222	0.949054	0.175832	0.942376	340206
295	winsor_p99	0,0.0444678	0.611750	0.771645	0.159896	0.674209	340206
283	winsor_p99	9.0007e-06,0.03278	0.590674	0.746898	0.156224	0.683764	340206
114	log		0.213667	0.368947	0.155280	0.179180	340206
213	winsor_p99	2.32108e-05,0.0455632	0.596657	0.749244	0.152587	0.680523	340206
96	winsor_p99	0.000119094,0.0137795	0.763198	0.915395	0.152197	0.947236	340206
118	winsor_p99	1.4128e-05,0.0366709	0.595793	0.747397	0.151604	0.678271	340206
225	winsor_p99	7.58948e-05,0.0620261	0.624603	0.773289	0.148687	0.676126	340206
144	winsor_p99	3.92265e-05,0.0499891	0.623788	0.772140	0.148352	0.674296	340206
115	log		0.243457	0.389583	0.146126	0.184297	340206
292	signed_cbrt		0.776738	0.919434	0.142696	0.948645	340206
88	log		0.292159	0.431304	0.139144	0.218990	340206
101	log		0.456747	0.594710	0.137962	0.425112	340206
284	winsor_p99	3.93036e-06,0.0262439	0.603376	0.740476	0.137100	0.678022	340206
119	winsor_p99	5.98459e-06,0.0301378	0.607105	0.740984	0.133880	0.672876	340206
296	winsor_p99	0,0.0362942	0.631871	0.765282	0.133410	0.669840	340206
63	log		0.565557	0.696515	0.130958	0.755480	340206
89	log		0.333964	0.460373	0.126408	0.228435	340206
199	signed_cbrt		0.752806	0.879094	0.126287	0.917907	340206
210	winsor_p99	3.69549e-05,0.0825242	0.624269	0.749074	0.124805	0.680405	340206
145	winsor_p99	1.1014e-05,0.041874	0.644689	0.766109	0.121420	0.669281	340206
62	winsor_p99	0,0.105734	0.617897	0.736081	0.118184	0.789786	340206
138	signed_sqrt		0.789927	0.907060	0.117133	0.933941	340206
117	winsor_p99	3.83571e-06,0.0259222	0.617563	0.729317	0.111754	0.663386	340206
297	winsor_p99	0,0.00949333	0.613253	0.724947	0.111694	0.650056	340206
282	winsor_p99	3.57612e-06,0.0221449	0.618641	0.728676	0.110035	0.667510	340206
222	winsor_p99	0.000189006,0.114557	0.660986	0.770752	0.109767	0.675523	340206
203	signed_sqrt		0.790870	0.895068	0.104198	0.933571	340206
94	winsor_p99	5.8321e-05,0.00662496	0.807671	0.906490	0.098820	0.935075	340206
26	winsor_p99	0.000291401,0.0228865	0.350807	0.448539	0.097731	0.477087	340206
147	winsor_p99	0,0.0112259	0.629474	0.724515	0.095041	0.647200	340206
240	winsor_p99	0.000297721,0.0188934	0.353147	0.447986	0.094839	0.467956	340206
75	log		0.234669	0.328790	0.094121	0.233850	340206
98	signed_sqrt		0.814044	0.905216	0.091172	0.942776	340206
52	signed_sqrt		0.847840	0.937639	0.089800	0.951589	340206
49	log		0.312601	0.402070	0.089469	0.277123	340206
200	signed_sqrt		0.793621	0.882551	0.088929	0.917517	340206
226	winsor_p99	0,0.0193269	0.635073	0.722208	0.087135	0.648327	340206
294	winsor_p99	0,0.0313826	0.667378	0.753203	0.085825	0.662796	340206
252	signed_sqrt		0.845694	0.931224	0.085530	0.945278	340206
148	winsor_p99	0,0.00653054	0.624062	0.706988	0.082926	0.633243	340206
143	winsor_p99	9.5367e-07,0.036937	0.673992	0.753953	0.079962	0.661141	340206
54	signed_sqrt		0.874655	0.952865	0.078210	0.962071	340206
285	winsor_p99	4.38791e-08,0.0131918	0.620424	0.698026	0.077602	0.656945	340206
28	winsor_p99	3.66428e-05,0.0729024	0.422593	0.498260	0.075667	0.511600	340206
53	signed_sqrt		0.884018	0.958842	0.074824	0.969672	340206
242	winsor_p99	0,0.0605534	0.422369	0.495812	0.073443	0.501007	340206
76	log		0.303196	0.375352	0.072156	0.279688	340206
254	signed_sqrt		0.879176	0.949278	0.070103	0.958151	340206
183	signed_sqrt		0.886539	0.954725	0.068186	0.969696	340206
136	signed_sqrt		0.833292	0.900646	0.067354	0.926004	340206
146	winsor_p99	0,0.00364682	0.603645	0.670903	0.067257	0.607653	340206
0	winsor_p99	4.04474e-06,0.0522771	0.397410	0.464285	0.066874	0.480454	340206
24	quantile_bins	0.00684683,0.0220599,0.0396202,0.0615461,0.091407,0.13434,0.216953	0.628130	0.694461	0.066331	0.787870	340206
214	winsor_p99	0,0.024264	0.645593	0.711666	0.066073	0.650075	340206
13	signed_sqrt		0.799257	0.864454	0.065197	0.911469	340206
32	quantile_bins	3.08281e-12,1.43318e-08,0.000557907,0.000816203,0.00108743,0.00150369,0.00244942	0.257376	0.322412	0.065036	0.366770	340206
99	signed_sqrt		0.843440	0.907716	0.064276	0.943555	340206
121	winsor_p99	4.9155e-08,0.0155136	0.632357	0.696124	0.063767	0.655619	340206
253	signed_sqrt		0.894402	0.958107	0.063705	0.967941	340206
228	winsor_p99	2.8596e-06,0.0440741	0.402312	0.465219	0.062907	0.489512	340206
234	signed_sqrt		0.797497	0.859330	0.061833	0.905967	340206
65	winsor_p99	5.0744e-06,0.0456102	0.490810	0.552215	0.061405	0.548877	340206
258	winsor_p99	0,0.037465	0.491919	0.553063	0.061144	0.543434	340206
265	winsor_p99	2.12685e-05,0.0722112	0.653888	0.714173	0.060285	0.648435	340206
223	winsor_p99	0,0.048756	0.648957	0.707397	0.058440	0.636024	340206
79	winsor_p99	1.69186e-05,0.0827341	0.655197	0.713190	0.057993	0.649170	340206
255	winsor_p99	0.000336133,0.0246163	0.817089	0.874840	0.057752	0.916061	340206
23	winsor_p99	0.00436698,0.293301	0.671891	0.728871	0.056980	0.811851	340206
120	winsor_p99	6.10431e-09,0.00255618	0.561569	0.618177	0.056608	0.593543	340206
122	winsor_p99	1.92373e-08,0.00890781	0.610420	0.664949	0.054529	0.629492	340206
195	winsor_p99	3.32973e-05,0.109941	0.667083	0.721507	0.054423	0.655459	340206
274	signed_sqrt		0.882862	0.936931	0.054070	0.967245	340206
211	winsor_p99	1.19209e-07,0.0540404	0.662276	0.715517	0.053241	0.658685	340206
80	winsor_p99	6.24349e-06,0.0649803	0.643936	0.695751	0.051816	0.638205	340206
2	winsor_p99	1.09934e-05,0.0781808	0.468599	0.520006	0.051407	0.520499	340206
266	winsor_p99	8.1699e-06,0.0554226	0.645275	0.696364	0.051089	0.637523	340206
78	winsor_p99	3.71771e-06,0.0535337	0.618140	0.668807	0.050667	0.620653	340206
97	signed_sqrt		0.844996	0.895514	0.050519	0.933515	340206
33	quantile_bins	8.50098e-09,7.19664e-08,0.00234196,0.00327762,0.00434727,0.00587427,0.0095412	0.268496	0.318551	0.050055	0.367504	340206
34	quantile_bins	6.06217e-10,4.1661e-08,0.00116667,0.00164215,0.00213999,0.002986,0.00471739	0.261746	0.309944	0.048198	0.358371	340206
230	winsor_p99	4.95648e-06,0.0663821	0.474244	0.521669	0.047424	0.530724	340206
277	winsor_p99	0,0.131803	0.656449	0.703551	0.047102	0.630412	340206
264	winsor_p99	4.01482e-06,0.0449148	0.622151	0.669165	0.047014	0.620737	340206
10	log		0.290137	0.336428	0.046291	0.287734	340206
180	signed_sqrt		0.893998	0.940068	0.046070	0.960160	340206
39	winsor_p99	5.18393e-06,0.0476167	0.525742	0.570645	0.044903	0.561963	340206
227	log		0.648020	0.692763	0.044743	0.615174	340206
173	quantile_bins	0,0,0.00459294,0.00656633,0.00872357,0.0122069,0.0192584	0.280365	0.324715	0.044350	0.364093	340206
19	signed_sqrt		0.683194	0.727486	0.044292	0.804032	340206
244	quantile_bins	8.46163e-09,6.83285e-08,0.00205257,0.00288387,0.00381106,0.00510649,0.00808762	0.278745	0.322849	0.044105	0.375152	340206
215	log		0.679541	0.722983	0.043442	0.632093	340206
15	signed_sqrt		0.844388	0.887516	0.043128	0.927987	340206
50	log		0.383423	0.426255	0.042832	0.317750	340206
246	winsor_p99	6.3375e-06,0.0395345	0.530175	0.572291	0.042116	0.564438	340206
260	winsor_p99	0,0.0514523	0.550358	0.591186	0.040828	0.566221	340206
105	winsor_p99	2.98396e-05,0.15537	0.663256	0.703624	0.040368	0.634945	340206
67	winsor_p99	2.9694e-05,0.0616512	0.550065	0.590223	0.040159	0.573164	340206
236	signed_sqrt		0.844564	0.883842	0.039279	0.925006	340206
27	winsor_p99	9.61432e-05,0.121796	0.489543	0.528736	0.039193	0.531844	340206
279	winsor_p99	0,0.0103257	0.578854	0.616988	0.038134	0.584434	340206
241	winsor_p99	0,0.103815	0.490736	0.528549	0.037813	0.521618	340206
36	log		0.222979	0.260331	0.037352	0.244480	340206
207	winsor_p99	6.39593e-05,0.213982	0.670763	0.706712	0.035949	0.637302	340206
7	quantile_bins	2.09695e-07,2.99959e-07,0.00224489,0.00353399,0.00479682,0.00658949,0.0108583	0.302079	0.337926	0.035847	0.392525	340206
209	log		0.516542	0.551839	0.035297	0.537222	340206
170	quantile_bins	1.19209e-07,2.38419e-07,0.0168365,0.0246135,0.032852,0.0450483,0.0715209	0.284314	0.318533	0.034219	0.364622	340206
278	winsor_p99	0,0.0532474	0.651253	0.685250	0.033997	0.623781	340206
56	winsor_p99	0.000412277,0.0363171	0.797444	0.831289	0.033845	0.881072	340206
161	quantile_bins	0,0,0.00433338,0.00697073,0.00938864,0.0134382,0.0220022	0.316287	0.349478	0.033191	0.388320	340206
8	quantile_bins	7.42143e-08,1.55172e-07,0.00114269,0.00171507,0.00242091,0.0033135,0.00526469	0.298951	0.331332	0.032381	0.384175	340206
6	quantile_bins	1.7966e-08,7.08426e-08,0.000526073,0.000828441,0.00120683,0.00175125,0.00268749	0.312244	0.343639	0.031395	0.392946	340206
71	winsor_p99	2.35182e-12,0.00269958	0.337137	0.368312	0.031175	0.413551	340206
108	winsor_p99	0,0.0125879	0.582015	0.612049	0.030034	0.577900	340206
41	winsor_p99	1.04577e-05,0.0910648	0.585737	0.615502	0.029764	0.590409	340206
191	quantile_bins	0,0,0.00443145,0.00702261,0.00931428,0.0123147,0.0181468	0.392906	0.422551	0.029645	0.450495	340206
106	winsor_p99	1.60721e-05,0.0632022	0.656923	0.686129	0.029206	0.626165	340206
192	winsor_p99	7.00355e-05,0.233436	0.694569	0.723673	0.029104	0.658514	340206
58	signed_sqrt		0.804069	0.832640	0.028571	0.888019	340206
248	winsor_p99	1.3745e-05,0.0758789	0.590319	0.618072	0.027753	0.591639	340206
109	winsor_p99	0,0.00637398	0.577285	0.604768	0.027482	0.567834	340206
232	quantile_bins	1.90902e-07,2.78501e-07,0.00201187,0.00313685,0.00426091,0.00574894,0.00918279	0.315982	0.343205	0.027222	0.399672	340206
184	signed_sqrt		0.810037	0.837037	0.027000	0.884785	340206
57	winsor_p99	0.00021529,0.0178401	0.777365	0.803063	0.025698	0.860546	340206
21	signed_sqrt		0.708647	0.734313	0.025666	0.805800	340206
267	winsor_p99	4.52247e-08,0.0129188	0.596646	0.621627	0.024982	0.600569	340206
1	winsor_p99	2.55349e-05,0.175195	0.534390	0.558888	0.024498	0.547165	340206
81	winsor_p99	3.05267e-09,0.00390086	0.505173	0.529443	0.024271	0.527520	340206
276	winsor_p99	0,0.0432702	0.634305	0.658036	0.023731	0.607963	340206
104	winsor_p99	1.71719e-06,0.0521912	0.636172	0.658902	0.022730	0.610998	340206
181	signed_sqrt		0.806439	0.829034	0.022595	0.874912	340206
229	winsor_p99	1.0907e-05,0.149132	0.541917	0.563506	0.021589	0.557072	340206
197	log		0.575751	0.597080	0.021329	0.563420	340206
179	log		0.448209	0.468748	0.020539	0.480100	340206
16	signed_sqrt		0.481185	0.501577	0.020392	0.581448	340206
259	winsor_p99	0,0.108906	0.594499	0.614837	0.020338	0.581269	340206
158	quantile_bins	9.53674e-07,1.07288e-06,0.0160936,0.0253502,0.0348594,0.0507485,0.0823758	0.320507	0.340830	0.020323	0.385986	340206
83	winsor_p99	1.97666e-08,0.00831871	0.563824	0.583840	0.020016	0.569252	340206
208	winsor_p99	0,0.0237368	0.573810	0.593791	0.019981	0.569007	340206
66	winsor_p99	6.46674e-05,0.128428	0.593595	0.613463	0.019868	0.587386	340206
107	winsor_p99	0,0.00312677	0.547558	0.567376	0.019818	0.537504	340206
73	winsor_p99	5.2949e-10,0.00517432	0.359172	0.378816	0.019643	0.429422	340206
82	winsor_p99	5.11895e-08,0.0156987	0.594753	0.613857	0.019104	0.593456	340206
72	winsor_p99	7.94482e-09,0.0102877	0.381659	0.399592	0.017932	0.450848	340206
60	signed_sqrt		0.831045	0.848831	0.017786	0.901571	340206
18	signed_sqrt		0.594577	0.611472	0.016896	0.685343	340206
14	signed_sqrt		0.880821	0.897159	0.016338	0.933489	340206
262	winsor_p99	7.94482e-09,0.00863779	0.385661	0.401703	0.016042	0.455369	340206
204	clip_then_log1p	0.000996083	0.686416	0.702376	0.015960	0.635231	340206
188	winsor_p99	1.19209e-07,0.0667647	0.388263	0.403853	0.015591	0.447873	340206
40	winsor_p99	2.67777e-05,0.12821	0.630090	0.644834	0.014744	0.609445	340206
247	winsor_p99	3.36857e-05,0.10889	0.634254	0.648309	0.014055	0.609088	340206
196	winsor_p99	0,0.0271353	0.606330	0.620073	0.013743	0.581831	340206
55	signed_sqrt		0.729880	0.743619	0.013739	0.810909	340206
59	winsor_p99	0.000385254,0.0446458	0.848367	0.860849	0.012481	0.906870	340206
235	signed_sqrt		0.883881	0.895867	0.011986	0.934088	340206
171	winsor_p99	0.00016516,0.278067	0.529788	0.541769	0.011981	0.539819	340206
20	signed_sqrt		0.728004	0.738853	0.010849	0.806148	340206
17	signed_sqrt		0.665705	0.676524	0.010819	0.746488	340206
185	winsor_p99	0.000697994,0.0753484	0.855838	0.865883	0.010045	0.905136	340206
45	winsor_p99	6.75377e-09,0.00393871	0.396306	0.406334	0.010028	0.442200	340206
261	winsor_p99	0,0.0100066	0.498574	0.507901	0.009326	0.500812	340206
42	winsor_p99	5.91369e-09,0.00321881	0.403398	0.412536	0.009138	0.424834	340206
160	log		0.411575	0.420657	0.009082	0.419661	340206
47	winsor_p99	3.33211e-08,0.00732849	0.406727	0.414819	0.008091	0.456181	340206
163	signed_sqrt		0.686497	0.694470	0.007974	0.765961	340206
205	winsor_p99	0,0.0720429	0.558991	0.566904	0.007913	0.547663	340206
177	clip_then_log1p	0.000405041	0.657915	0.665454	0.007539	0.619567	340206
193	winsor_p99	2.38419e-07,0.0773161	0.600244	0.607782	0.007538	0.579375	340206
189	clip_then_log1p	0.000641973	0.616578	0.624073	0.007495	0.592481	340206
46	winsor_p99	8.00837e-08,0.0142116	0.430291	0.437370	0.007079	0.481507	340206
166	signed_sqrt		0.694120	0.701180	0.007061	0.770960	340206
69	winsor_p99	0,0.0123069	0.492154	0.498712	0.006558	0.490756	340206
159	clip_then_log1p	0.000758226	0.576735	0.583092	0.006358	0.560221	340206
256	winsor_p99	0.000318425,0.0318008	0.892458	0.898745	0.006286	0.937269	340206
186	clip_then_log1p	0.00164118	0.628469	0.634547	0.006078	0.592112	340206
237	winsor_p99	0.000779768,0.0317341	0.710145	0.716216	0.006072	0.789246	340206
110	winsor_p99	0,0.00301066	0.447672	0.453406	0.005734	0.482870	340206
70	clip_then_log1p	0.00019888	0.486756	0.492480	0.005725	0.478735	340206
243	clip_then_log1p	0.000561449	0.402592	0.407975	0.005383	0.406864	340206
123	winsor_p99	0,0.00349657	0.608085	0.613458	0.005373	0.600530	340206
249	clip_then_log1p	0.000346566	0.512504	0.517710	0.005206	0.513234	340206
30	clip_then_log1p	0.00064885	0.410718	0.415894	0.005175	0.409520	340206
157	winsor_p99	9.53674e-07,0.0828398	0.393975	0.398977	0.005002	0.411647	340206
298	clip_then_log1p	0.00183937	0.633823	0.638729	0.004906	0.617063	340206
165	log1p		0.896825	0.901679	0.004854	0.925205	340206
44	winsor_p99	3.17951e-08,0.00762901	0.471622	0.476383	0.004761	0.478957	340206
174	clip_then_log1p	0.000971347	0.676837	0.681587	0.004750	0.620691	340206
250	winsor_p99	6.90626e-08,0.0116048	0.438164	0.442856	0.004692	0.488718	340206
212	winsor_p99	0,0.0462865	0.681898	0.686509	0.004612	0.641611	340206
190	clip_then_log1p	0.000707525	0.474044	0.478654	0.004610	0.476952	340206
43	clip_then_log1p	0.00040172	0.499267	0.503535	0.004268	0.501972	340206
231	clip_then_log1p	0.000554616	0.408752	0.413003	0.004251	0.407311	340206
286	clip_then_log1p	0.00166152	0.669167	0.673413	0.004246	0.644033	340206
31	clip_then_log1p	0.000272263	0.385823	0.389973	0.004150	0.376859	340206
187	clip_then_log1p	0.00180948	0.445460	0.449523	0.004063	0.450736	340206
172	clip_then_log1p	0.00102951	0.407245	0.411276	0.004030	0.414097	340206
182	log1p		0.852457	0.856481	0.004024	0.895059	340206
169	clip_then_log1p	0.00336695	0.390826	0.394681	0.003855	0.397667	340206
175	clip_then_log1p	0.00184873	0.471648	0.475442	0.003794	0.473212	340206
178	clip_then_log1p	0.000722015	0.495081	0.498872	0.003791	0.489401	340206
168	clip_then_log1p	0.00329262	0.551474	0.555131	0.003656	0.542768	340206
84	winsor_p99	0,0.00484652	0.498107	0.501598	0.003491	0.514664	340206
124	winsor_p99	0,0.0108627	0.662423	0.665914	0.003491	0.640276	340206
125	winsor_p99	0,0.00629223	0.634541	0.638018	0.003478	0.622405	340206
112	winsor_p99	0,0.00816397	0.476431	0.479838	0.003407	0.509569	340206
4	clip_then_log1p	0.000629839	0.407312	0.410620	0.003309	0.407423	340206
68	clip_then_log1p	6.01641e-05	0.438721	0.441643	0.002922	0.431215	340206
150	clip_then_log1p	0.00207999	0.632648	0.635209	0.002562	0.614006	340206
238	winsor_p99	0.00077162,0.0442412	0.780051	0.782447	0.002397	0.847732	340206
206	winsor_p99	0,0.0584412	0.511727	0.514030	0.002304	0.536496	340206
3	winsor_p99	5.84828e-09,0.00250867	0.267596	0.269846	0.002250	0.282115	340206
176	winsor_p99	4.76837e-07,0.0928773	0.447079	0.449298	0.002219	0.486051	340206
149	winsor_p99	0,0.00327239	0.571468	0.573674	0.002206	0.564110	340206
167	winsor_p99	0.00162148,0.106566	0.738831	0.740838	0.002007	0.807494	340206
86	winsor_p99	0,0.00866144	0.520008	0.521837	0.001829	0.536816	340206
111	winsor_p99	0,0.0151	0.504948	0.506766	0.001817	0.533903	340206
280	winsor_p99	0,0.0124957	0.505653	0.507417	0.001764	0.537616	340206
224	winsor_p99	0,0.0473568	0.647670	0.649053	0.001383	0.618465	340206
5	clip_then_log1p	0.000213146	0.364716	0.365956	0.001239	0.368945	340206
151	winsor_p99	0,0.00596789	0.603724	0.604730	0.001006	0.592656	340206
164	log1p		0.734066	0.734590	0.000524	0.797889	340206
85	winsor_p99	0,0.0158987	0.553200	0.553657	0.000457	0.563847	340206
194	clip_then_log1p	5.96046e-07	0.577761	0.577933	0.000172	0.576242	340206
29	clip_then_log1p	8.29917e-12	0.299106	0.299162	0.000056	0.287678	340206
11	identity		0.424633	0.424633	0.000000	0.412550	340206
37	identity		0.368259	0.368259	0.000000	0.380055	340206
156	identity		0.599747	0.599747	0.000000	0.563444	340206
162	identity		0.881028	0.881028	0.000000	0.904737	340206
268	identity		0.559207	0.559207	0.000000	0.570780	340206
